field,rows,missing,missing_fraction,valid,min,max,mean,zero_count,zero_fraction_valid,out_of_domain_count,domain,sample_valid,quantile_method,q01,q05,q25,q50,q75,q95,q99
HU1990_to_2000,9158401,0,0.0,9158401,-1665.0,2355.0,1.478627874014252,5220184,0.5699885820679833,,,94417,every 97th feature row; exact extrema,-11.0,-2.0,0.0,0.0,1.0,9.0,36.0
HU2000_to_2010,9158401,0,0.0,9158401,-2415.0,3717.0,1.7137417328636297,5175302,0.5650879449371129,,,94417,every 97th feature row; exact extrema,-13.0,-3.0,0.0,0.0,1.0,10.0,44.0
HU2010_to_2020,9158401,0,0.0,9158401,-2571.0,2615.0,0.9535742101705309,5692088,0.6215154807045465,,,94417,every 97th feature row; exact extrema,-11.0,-3.0,0.0,0.0,0.0,5.0,30.0
HU1990_to_2020,9158401,0,0.0,9158401,-1665.0,2715.0,4.145943817048413,4287642,0.4681649121937334,,,94417,every 97th feature row; exact extrema,-16.0,-4.0,0.0,0.0,2.0,23.0,86.0
HUDEN1990_to_2000,9158401,0,0.0,9158401,-17066846.350616787,744256.524051362,22.478005833732382,5165902,0.5640615648954441,,,94417,every 97th feature row; exact extrema,-525.2245976341972,-100.72888872803173,0.0,0.0,1.3622673290525,225.00477705567147,929.596892971451
HUDEN2000_to_2010,9158401,0,0.0,9158401,-1602963.469394947,661700.9001225495,25.793802368029944,5121268,0.5591880067273752,,,94417,every 97th feature row; exact extrema,-644.2087843519392,-118.38431360137301,0.0,0.0,0.9262700882114896,255.14548706898,1186.9260119100247
HUDEN2010_to_2020,9158401,0,0.0,9158401,-1508671.5006070086,809985.8465035559,21.151684537808755,5631107,0.6148570039682691,,,94417,every 97th feature row; exact extrema,-465.2766626731597,-97.87466501108523,0.0,0.0,0.0,148.7389396025631,918.8105617552412
HUDEN1990_to_2020,9158401,0,0.0,9158401,-20178481.32061874,809985.8465035559,69.4234927395711,4234523,0.4623648822540092,,,94417,every 97th feature row; exact extrema,-921.3740634619176,-189.88768639438968,0.0,0.0,12.791714593882716,617.7110140136735,1860.0092468577252
VEG1992_to_2001,9158401,0,0.0,9158401,-100.0,100.0,-2.5654762230080475,4374723,0.4776732313861339,,,94417,every 97th feature row; exact extrema,-66.66666666666669,-27.27272727272727,-2.33160621761658,0.0,0.0,12.121212121212125,41.17647058823529
VEG2001_to_2011,9158401,0,0.0,9158401,-100.0,100.0,-1.258153888043721,7063625,0.7712727363652235,,,94417,every 97th feature row; exact extrema,-55.55555555555556,-4.081632653061221,0.0,0.0,0.0,0.6229538655914935,9.090909090909092
VEG2011_to_2019,9158401,0,0.0,9158401,-100.0,100.0,-0.3531807856290452,7547709,0.824129561481311,,,94417,every 97th feature row; exact extrema,-17.241379310344826,-0.78125,0.0,0.0,0.0,0.3802281368821293,6.948566941499787
VEG1992_to_2019,9158401,0,0.0,9158401,-100.0,100.0,-4.176810896680814,4302560,0.46979379915773506,,,94417,every 97th feature row; exact extrema,-96.96969696969697,-36.704943860698286,-3.30788804071247,0.0,0.0,11.215676349897842,39.10855892808266
