year,class,feature_rows,fraction_of_all_feature_rows,documented,observed
1990,High_Dens_Interface,307950,0.0336248653012682,True,True
1990,High_Dens_Intermix,14278,0.001559005769675296,True,True
1990,High_Dens_NoVeg,1196957,0.13069497612083159,True,True
1990,Low_Dens_Interface,195155,0.021308850748072726,True,True
1990,Low_Dens_Intermix,441685,0.048227305181330234,True,True
1990,Low_Dens_NoVeg,344287,0.0375924792985151,True,True
1990,Med_Dens_Interface,644036,0.0703218826081103,True,True
1990,Med_Dens_Intermix,285310,0.031152818051972172,True,True
1990,Med_Dens_NoVeg,1225634,0.1338261995734845,True,True
1990,Uninhabited_NoVeg,1522193,0.1662072888051091,True,True
1990,Uninhabited_Veg,1016396,0.1109796349821328,True,True
1990,Very_Low_Dens_NoVeg,581033,0.06344262497350793,True,True
1990,Very_Low_Dens_Veg,448750,0.04899872805307389,True,True
1990,Water,934737,0.10206334053291617,True,True
1990,<NULL>,0,0.0,False,False
2000,High_Dens_Interface,344939,0.03766367076523511,True,True
2000,High_Dens_Intermix,5810,0.0006343902172442548,True,True
2000,High_Dens_NoVeg,1267100,0.13835384582963772,True,True
2000,Low_Dens_Interface,202916,0.022156269418646332,True,True
2000,Low_Dens_Intermix,440335,0.048079899537048006,True,True
2000,Low_Dens_NoVeg,340647,0.03719503000578376,True,True
2000,Med_Dens_Interface,731973,0.07992366789792235,True,True
2000,Med_Dens_Intermix,228687,0.024970188573310997,True,True
2000,Med_Dens_NoVeg,1289955,0.14084936879265278,True,True
2000,Uninhabited_NoVeg,1493619,0.16308731185716807,True,True
2000,Uninhabited_Veg,918527,0.10029338090786809,True,True
2000,Very_Low_Dens_NoVeg,552211,0.06029556906276543,True,True
2000,Very_Low_Dens_Veg,406945,0.0444340666018009,True,True
2000,Water,934737,0.10206334053291617,True,True
2000,<NULL>,0,0.0,False,False
2010,High_Dens_Interface,392345,0.04283990185623014,True,True
2010,High_Dens_Intermix,3035,0.00033138972621967524,True,True
2010,High_Dens_NoVeg,1356237,0.14808665835881177,True,True
2010,Low_Dens_Interface,195780,0.02137709410190709,True,True
2010,Low_Dens_Intermix,443066,0.048378095695962645,True,True
2010,Low_Dens_NoVeg,323053,0.03527395229800486,True,True
2010,Med_Dens_Interface,777693,0.08491580571761381,True,True
2010,Med_Dens_Intermix,214475,0.02341838930180061,True,True
2010,Med_Dens_NoVeg,1327454,0.14494386083334854,True,True
2010,Uninhabited_NoVeg,1450431,0.15837164151253041,True,True
2010,Uninhabited_Veg,829417,0.0905635164915797,True,True
2010,Very_Low_Dens_NoVeg,526515,0.057489839110560895,True,True
2010,Very_Low_Dens_Veg,384163,0.041946514462513705,True,True
2010,Water,934737,0.10206334053291617,True,True
2010,<NULL>,0,0.0,False,False
2020,High_Dens_Interface,416681,0.0454971342704911,True,True
2020,High_Dens_Intermix,2040,0.00022274630691536656,True,True
2020,High_Dens_NoVeg,1403220,0.1532167023479317,True,True
2020,Low_Dens_Interface,196163,0.02141891362913679,True,True
2020,Low_Dens_Intermix,437053,0.04772154003739299,True,True
2020,Low_Dens_NoVeg,321524,0.03510700175718447,True,True
2020,Med_Dens_Interface,784302,0.08563743823839991,True,True
2020,Med_Dens_Intermix,204349,0.022312737780317764,True,True
2020,Med_Dens_NoVeg,1331946,0.14543433946602688,True,True
2020,Uninhabited_NoVeg,1415711,0.15458058672032376,True,True
2020,Uninhabited_Veg,816446,0.08914722122344283,True,True
2020,Very_Low_Dens_NoVeg,520113,0.056790808788564726,True,True
2020,Very_Low_Dens_Veg,374116,0.04084948890095553,True,True
2020,Water,934737,0.10206334053291617,True,True
2020,<NULL>,0,0.0,False,False
