year,state,feature_rows,fraction_of_all_feature_rows
1990,non-WUI,7269987,0.7938052723395711
1990,intermix,741273,0.0809391290029777
1990,interface,1147141,0.12525559865745123
1990,missing,0,0.0
1990,other,0,0.0
2000,non-WUI,7203741,0.786571913590593
2000,intermix,674832,0.07368447832760326
2000,interface,1279828,0.1397436080818038
2000,missing,0,0.0
2000,other,0,0.0
2010,non-WUI,7132007,0.778739323600266
2010,intermix,660576,0.07212787472398294
2010,interface,1365818,0.14913280167575105
2010,missing,0,0.0
2010,other,0,0.0
2020,non-WUI,7117813,0.777189489737346
2020,intermix,643442,0.07025702412462612
2020,interface,1397146,0.1525534861380278
2020,missing,0,0.0
2020,other,0,0.0
