from_year,to_year,from_state,to_state,feature_rows,fraction_of_all_feature_rows
1990,2000,non-WUI,non-WUI,7069960,0.7719644509996887
1990,2000,non-WUI,intermix,123728,0.013509781893149251
1990,2000,non-WUI,interface,76299,0.008331039446733114
1990,2000,non-WUI,missing,0,0.0
1990,2000,non-WUI,other,0,0.0
1990,2000,intermix,non-WUI,103888,0.011343464869031176
1990,2000,intermix,intermix,518164,0.056577998713967646
1990,2000,intermix,interface,119221,0.013017665419978881
1990,2000,intermix,missing,0,0.0
1990,2000,intermix,other,0,0.0
1990,2000,interface,non-WUI,29893,0.003263997721873065
1990,2000,interface,intermix,32940,0.00359669772048636
1990,2000,interface,interface,1084308,0.1183949032150918
1990,2000,interface,missing,0,0.0
1990,2000,interface,other,0,0.0
1990,2000,missing,non-WUI,0,0.0
1990,2000,missing,intermix,0,0.0
1990,2000,missing,interface,0,0.0
1990,2000,missing,missing,0,0.0
1990,2000,missing,other,0,0.0
1990,2000,other,non-WUI,0,0.0
1990,2000,other,intermix,0,0.0
1990,2000,other,interface,0,0.0
1990,2000,other,missing,0,0.0
1990,2000,other,other,0,0.0
2000,2010,non-WUI,non-WUI,7032023,0.7678221340166258
2000,2010,non-WUI,intermix,86423,0.009436472589483689
2000,2010,non-WUI,interface,85295,0.009313306984483427
2000,2010,non-WUI,missing,0,0.0
2000,2010,non-WUI,other,0,0.0
2000,2010,intermix,non-WUI,64412,0.007033105451486564
2000,2010,intermix,intermix,568754,0.062101888746736465
2000,2010,intermix,interface,41666,0.004549484129380227
2000,2010,intermix,missing,0,0.0
2000,2010,intermix,other,0,0.0
2000,2010,interface,non-WUI,35572,0.003884084132153637
2000,2010,interface,intermix,5399,0.0005895133877627765
2000,2010,interface,interface,1238857,0.1352700105618874
2000,2010,interface,missing,0,0.0
2000,2010,interface,other,0,0.0
2000,2010,missing,non-WUI,0,0.0
2000,2010,missing,intermix,0,0.0
2000,2010,missing,interface,0,0.0
2000,2010,missing,missing,0,0.0
2000,2010,missing,other,0,0.0
2000,2010,other,non-WUI,0,0.0
2000,2010,other,intermix,0,0.0
2000,2010,other,interface,0,0.0
2000,2010,other,missing,0,0.0
2000,2010,other,other,0,0.0
2010,2020,non-WUI,non-WUI,7039781,0.7686692251191011
2010,2020,non-WUI,intermix,40652,0.004438766112119354
2010,2020,non-WUI,interface,51574,0.005631332369045645
2010,2020,non-WUI,missing,0,0.0
2010,2020,non-WUI,other,0,0.0
2010,2020,intermix,non-WUI,44205,0.004826715929996951
2010,2020,intermix,intermix,600130,0.06552781429858771
2010,2020,intermix,interface,16241,0.0017733444953982687
2010,2020,intermix,missing,0,0.0
2010,2020,intermix,other,0,0.0
2010,2020,interface,non-WUI,33827,0.0036935486882480905
2010,2020,interface,intermix,2660,0.0002904437139190564
2010,2020,interface,interface,1329331,0.1451488092735839
2010,2020,interface,missing,0,0.0
2010,2020,interface,other,0,0.0
2010,2020,missing,non-WUI,0,0.0
2010,2020,missing,intermix,0,0.0
2010,2020,missing,interface,0,0.0
2010,2020,missing,missing,0,0.0
2010,2020,missing,other,0,0.0
2010,2020,other,non-WUI,0,0.0
2010,2020,other,intermix,0,0.0
2010,2020,other,interface,0,0.0
2010,2020,other,missing,0,0.0
2010,2020,other,other,0,0.0
1990,2020,non-WUI,non-WUI,6927048,0.7563599803066059
1990,2020,non-WUI,intermix,166616,0.01819269542794643
1990,2020,non-WUI,interface,176323,0.019252596605018716
1990,2020,non-WUI,missing,0,0.0
1990,2020,non-WUI,other,0,0.0
1990,2020,intermix,non-WUI,141751,0.015477701839000062
1990,2020,intermix,intermix,448200,0.048938673901699654
1990,2020,intermix,interface,151322,0.01652275326227799
1990,2020,intermix,missing,0,0.0
1990,2020,intermix,other,0,0.0
1990,2020,interface,non-WUI,49014,0.005351807591740087
1990,2020,interface,intermix,28626,0.003125654794980041
1990,2020,interface,interface,1069501,0.11677813627073111
1990,2020,interface,missing,0,0.0
1990,2020,interface,other,0,0.0
1990,2020,missing,non-WUI,0,0.0
1990,2020,missing,intermix,0,0.0
1990,2020,missing,interface,0,0.0
1990,2020,missing,missing,0,0.0
1990,2020,missing,other,0,0.0
1990,2020,other,non-WUI,0,0.0
1990,2020,other,intermix,0,0.0
1990,2020,other,interface,0,0.0
1990,2020,other,missing,0,0.0
1990,2020,other,other,0,0.0
