raster,bins,left,right,pixel_count
CONUS_BP,linear,0.0,0.01,101855553
CONUS_BP,linear,0.01,0.02,5627257
CONUS_BP,linear,0.02,0.03,1783673
CONUS_BP,linear,0.03,0.04,705703
CONUS_BP,linear,0.04,0.05,361121
CONUS_BP,linear,0.05,0.06,218773
CONUS_BP,linear,0.06,0.07,119002
CONUS_BP,linear,0.07,0.08,62177
CONUS_BP,linear,0.08,0.09,34307
CONUS_BP,linear,0.09,0.1,23781
CONUS_BP,linear,0.1,0.11,14776
CONUS_BP,linear,0.11,0.12,6411
CONUS_BP,linear,0.12,0.13,3366
CONUS_BP,linear,0.13,0.14,1331
CONUS_BP,linear,0.14,0.15,0
CONUS_BP,linear,0.15,0.16,0
CONUS_BP,linear,0.16,0.17,0
CONUS_BP,linear,0.17,0.18,0
CONUS_BP,linear,0.18,0.19,0
CONUS_BP,linear,0.19,0.2,0
CONUS_BP,linear,0.2,0.21,0
CONUS_BP,linear,0.21,0.22,0
CONUS_BP,linear,0.22,0.23,0
CONUS_BP,linear,0.23,0.24,0
CONUS_BP,linear,0.24,0.25,0
CONUS_BP,linear,0.25,0.26,0
CONUS_BP,linear,0.26,0.27,0
CONUS_BP,linear,0.27,0.28,0
CONUS_BP,linear,0.28,0.29,0
CONUS_BP,linear,0.29,0.3,0
CONUS_BP,linear,0.3,0.31,0
CONUS_BP,linear,0.31,0.32,0
CONUS_BP,linear,0.32,0.33,0
CONUS_BP,linear,0.33,0.34,0
CONUS_BP,linear,0.34,0.35000000000000003,0
CONUS_BP,linear,0.35000000000000003,0.36,0
CONUS_BP,linear,0.36,0.37,0
CONUS_BP,linear,0.37,0.38,0
CONUS_BP,linear,0.38,0.39,0
CONUS_BP,linear,0.39,0.4,0
CONUS_BP,linear,0.4,0.41000000000000003,0
CONUS_BP,linear,0.41000000000000003,0.42,0
CONUS_BP,linear,0.42,0.43,0
CONUS_BP,linear,0.43,0.44,0
CONUS_BP,linear,0.44,0.45,0
CONUS_BP,linear,0.45,0.46,0
CONUS_BP,linear,0.46,0.47000000000000003,0
CONUS_BP,linear,0.47000000000000003,0.48,0
CONUS_BP,linear,0.48,0.49,0
CONUS_BP,linear,0.49,0.5,0
CONUS_BP,linear,0.5,0.51,0
CONUS_BP,linear,0.51,0.52,0
CONUS_BP,linear,0.52,0.53,0
CONUS_BP,linear,0.53,0.54,0
CONUS_BP,linear,0.54,0.55,0
CONUS_BP,linear,0.55,0.56,0
CONUS_BP,linear,0.56,0.5700000000000001,0
CONUS_BP,linear,0.5700000000000001,0.58,0
CONUS_BP,linear,0.58,0.59,0
CONUS_BP,linear,0.59,0.6,0
CONUS_BP,linear,0.6,0.61,0
CONUS_BP,linear,0.61,0.62,0
CONUS_BP,linear,0.62,0.63,0
CONUS_BP,linear,0.63,0.64,0
CONUS_BP,linear,0.64,0.65,0
CONUS_BP,linear,0.65,0.66,0
CONUS_BP,linear,0.66,0.67,0
CONUS_BP,linear,0.67,0.68,0
CONUS_BP,linear,0.68,0.6900000000000001,0
CONUS_BP,linear,0.6900000000000001,0.7000000000000001,0
CONUS_BP,linear,0.7000000000000001,0.71,0
CONUS_BP,linear,0.71,0.72,0
CONUS_BP,linear,0.72,0.73,0
CONUS_BP,linear,0.73,0.74,0
CONUS_BP,linear,0.74,0.75,0
CONUS_BP,linear,0.75,0.76,0
CONUS_BP,linear,0.76,0.77,0
CONUS_BP,linear,0.77,0.78,0
CONUS_BP,linear,0.78,0.79,0
CONUS_BP,linear,0.79,0.8,0
CONUS_BP,linear,0.8,0.81,0
CONUS_BP,linear,0.81,0.8200000000000001,0
CONUS_BP,linear,0.8200000000000001,0.8300000000000001,0
CONUS_BP,linear,0.8300000000000001,0.84,0
CONUS_BP,linear,0.84,0.85,0
CONUS_BP,linear,0.85,0.86,0
CONUS_BP,linear,0.86,0.87,0
CONUS_BP,linear,0.87,0.88,0
CONUS_BP,linear,0.88,0.89,0
CONUS_BP,linear,0.89,0.9,0
CONUS_BP,linear,0.9,0.91,0
CONUS_BP,linear,0.91,0.92,0
CONUS_BP,linear,0.92,0.93,0
CONUS_BP,linear,0.93,0.9400000000000001,0
CONUS_BP,linear,0.9400000000000001,0.9500000000000001,0
CONUS_BP,linear,0.9500000000000001,0.96,0
CONUS_BP,linear,0.96,0.97,0
CONUS_BP,linear,0.97,0.98,0
CONUS_BP,linear,0.98,0.99,0
CONUS_BP,linear,0.99,1.0,0
CONUS_BP,log,1e-12,1.258925411794166e-12,0
CONUS_BP,log,1.258925411794166e-12,1.5848931924611108e-12,0
CONUS_BP,log,1.5848931924611108e-12,1.9952623149688827e-12,0
CONUS_BP,log,1.9952623149688827e-12,2.5118864315095823e-12,0
CONUS_BP,log,2.5118864315095823e-12,3.1622776601683794e-12,0
CONUS_BP,log,3.1622776601683794e-12,3.9810717055349695e-12,0
CONUS_BP,log,3.9810717055349695e-12,5.011872336272715e-12,0
CONUS_BP,log,5.011872336272715e-12,6.309573444801943e-12,0
CONUS_BP,log,6.309573444801943e-12,7.943282347242821e-12,0
CONUS_BP,log,7.943282347242821e-12,1e-11,0
CONUS_BP,log,1e-11,1.2589254117941662e-11,0
CONUS_BP,log,1.2589254117941662e-11,1.5848931924611107e-11,0
CONUS_BP,log,1.5848931924611107e-11,1.9952623149688828e-11,0
CONUS_BP,log,1.9952623149688828e-11,2.5118864315095823e-11,0
CONUS_BP,log,2.5118864315095823e-11,3.1622776601683794e-11,0
CONUS_BP,log,3.1622776601683794e-11,3.9810717055349695e-11,0
CONUS_BP,log,3.9810717055349695e-11,5.011872336272715e-11,0
CONUS_BP,log,5.011872336272715e-11,6.309573444801942e-11,0
CONUS_BP,log,6.309573444801942e-11,7.943282347242822e-11,0
CONUS_BP,log,7.943282347242822e-11,1e-10,0
CONUS_BP,log,1e-10,1.2589254117941662e-10,0
CONUS_BP,log,1.2589254117941662e-10,1.584893192461111e-10,0
CONUS_BP,log,1.584893192461111e-10,1.9952623149688828e-10,0
CONUS_BP,log,1.9952623149688828e-10,2.511886431509582e-10,0
CONUS_BP,log,2.511886431509582e-10,3.1622776601683795e-10,0
CONUS_BP,log,3.1622776601683795e-10,3.9810717055349694e-10,0
CONUS_BP,log,3.9810717055349694e-10,5.011872336272714e-10,0
CONUS_BP,log,5.011872336272714e-10,6.309573444801942e-10,0
CONUS_BP,log,6.309573444801942e-10,7.943282347242822e-10,0
CONUS_BP,log,7.943282347242822e-10,1e-09,0
CONUS_BP,log,1e-09,1.2589254117941663e-09,0
CONUS_BP,log,1.2589254117941663e-09,1.584893192461111e-09,0
CONUS_BP,log,1.584893192461111e-09,1.9952623149688828e-09,0
CONUS_BP,log,1.9952623149688828e-09,2.511886431509582e-09,0
CONUS_BP,log,2.511886431509582e-09,3.1622776601683795e-09,0
CONUS_BP,log,3.1622776601683795e-09,3.981071705534969e-09,0
CONUS_BP,log,3.981071705534969e-09,5.011872336272715e-09,0
CONUS_BP,log,5.011872336272715e-09,6.309573444801943e-09,0
CONUS_BP,log,6.309573444801943e-09,7.943282347242822e-09,0
CONUS_BP,log,7.943282347242822e-09,1e-08,0
CONUS_BP,log,1e-08,1.2589254117941687e-08,0
CONUS_BP,log,1.2589254117941687e-08,1.584893192461114e-08,0
CONUS_BP,log,1.584893192461114e-08,1.9952623149688786e-08,0
CONUS_BP,log,1.9952623149688786e-08,2.511886431509582e-08,0
CONUS_BP,log,2.511886431509582e-08,3.162277660168379e-08,0
CONUS_BP,log,3.162277660168379e-08,3.9810717055349776e-08,0
CONUS_BP,log,3.9810717055349776e-08,5.011872336272725e-08,0
CONUS_BP,log,5.011872336272725e-08,6.309573444801943e-08,0
CONUS_BP,log,6.309573444801943e-08,7.943282347242822e-08,0
CONUS_BP,log,7.943282347242822e-08,1e-07,0
CONUS_BP,log,1e-07,1.2589254117941688e-07,0
CONUS_BP,log,1.2589254117941688e-07,1.584893192461114e-07,0
CONUS_BP,log,1.584893192461114e-07,1.995262314968883e-07,0
CONUS_BP,log,1.995262314968883e-07,2.5118864315095823e-07,0
CONUS_BP,log,2.5118864315095823e-07,3.162277660168379e-07,0
CONUS_BP,log,3.162277660168379e-07,3.981071705534977e-07,0
CONUS_BP,log,3.981071705534977e-07,5.011872336272725e-07,0
CONUS_BP,log,5.011872336272725e-07,6.309573444801942e-07,0
CONUS_BP,log,6.309573444801942e-07,7.943282347242821e-07,0
CONUS_BP,log,7.943282347242821e-07,1e-06,0
CONUS_BP,log,1e-06,1.2589254117941687e-06,0
CONUS_BP,log,1.2589254117941687e-06,1.584893192461114e-06,0
CONUS_BP,log,1.584893192461114e-06,1.995262314968883e-06,0
CONUS_BP,log,1.995262314968883e-06,2.5118864315095823e-06,0
CONUS_BP,log,2.5118864315095823e-06,3.162277660168379e-06,0
CONUS_BP,log,3.162277660168379e-06,3.981071705534978e-06,0
CONUS_BP,log,3.981071705534978e-06,5.011872336272725e-06,0
CONUS_BP,log,5.011872336272725e-06,6.309573444801943e-06,0
CONUS_BP,log,6.309573444801943e-06,7.943282347242822e-06,0
CONUS_BP,log,7.943282347242822e-06,9.999999999999999e-06,2791012
CONUS_BP,log,9.999999999999999e-06,1.2589254117941688e-05,0
CONUS_BP,log,1.2589254117941688e-05,1.584893192461114e-05,0
CONUS_BP,log,1.584893192461114e-05,1.995262314968883e-05,68659
CONUS_BP,log,1.995262314968883e-05,2.5118864315095822e-05,1252133
CONUS_BP,log,2.5118864315095822e-05,3.1622776601683795e-05,875222
CONUS_BP,log,3.1622776601683795e-05,3.9810717055349776e-05,368622
CONUS_BP,log,3.9810717055349776e-05,5.011872336272725e-05,1973479
CONUS_BP,log,5.011872336272725e-05,6.309573444801943e-05,740205
CONUS_BP,log,6.309573444801943e-05,7.943282347242822e-05,903016
CONUS_BP,log,7.943282347242822e-05,0.0001,2329457
CONUS_BP,log,0.0001,0.0001258925411794166,785414
CONUS_BP,log,0.0001258925411794166,0.00015848931924611174,1687024
CONUS_BP,log,0.00015848931924611174,0.00019952623149688828,1393551
CONUS_BP,log,0.00019952623149688828,0.0002511886431509582,2863696
CONUS_BP,log,0.0002511886431509582,0.00031622776601683794,2046048
CONUS_BP,log,0.00031622776601683794,0.0003981071705534969,2056449
CONUS_BP,log,0.0003981071705534969,0.0005011872336272735,3646754
CONUS_BP,log,0.0005011872336272735,0.0006309573444801943,2596078
CONUS_BP,log,0.0006309573444801943,0.0007943282347242822,3473655
CONUS_BP,log,0.0007943282347242822,0.001,3973431
CONUS_BP,log,0.001,0.0012589254117941662,4649996
CONUS_BP,log,0.0012589254117941662,0.0015848931924611173,4414489
CONUS_BP,log,0.0015848931924611173,0.001995262314968883,4193148
CONUS_BP,log,0.001995262314968883,0.002511886431509582,4090462
CONUS_BP,log,0.002511886431509582,0.0031622776601683794,3687406
CONUS_BP,log,0.0031622776601683794,0.0039810717055349856,3531582
CONUS_BP,log,0.0039810717055349856,0.005011872336272735,3400054
CONUS_BP,log,0.005011872336272735,0.006309573444801942,3103610
CONUS_BP,log,0.006309573444801942,0.00794328234724282,2768271
CONUS_BP,log,0.00794328234724282,0.01,2456823
CONUS_BP,log,0.01,0.012589254117941713,2125598
CONUS_BP,log,0.012589254117941713,0.015848931924611172,1917357
CONUS_BP,log,0.015848931924611172,0.01995262314968883,1572851
CONUS_BP,log,0.01995262314968883,0.025118864315095822,1108303
CONUS_BP,log,0.025118864315095822,0.03162277660168379,848181
CONUS_BP,log,0.03162277660168379,0.03981071705534985,535346
CONUS_BP,log,0.03981071705534985,0.05011872336272735,373769
CONUS_BP,log,0.05011872336272735,0.06309573444801943,257507
CONUS_BP,log,0.06309573444801943,0.07943282347242822,136329
CONUS_BP,log,0.07943282347242822,0.1,60553
CONUS_BP,log,0.1,0.12589254117941714,23638
CONUS_BP,log,0.12589254117941714,0.15848931924611173,2246
CONUS_BP,log,0.15848931924611173,0.19952623149688828,0
CONUS_BP,log,0.19952623149688828,0.25118864315095824,0
CONUS_BP,log,0.25118864315095824,0.31622776601683794,0
CONUS_BP,log,0.31622776601683794,0.39810717055349853,0
CONUS_BP,log,0.39810717055349853,0.5011872336272735,0
CONUS_BP,log,0.5011872336272735,0.6309573444801942,0
CONUS_BP,log,0.6309573444801942,0.7943282347242822,0
CONUS_BP,log,0.7943282347242822,1.0,0
CONUS_FLP1,linear,0.0,0.01,61937819
CONUS_FLP1,linear,0.01,0.02,3442751
CONUS_FLP1,linear,0.02,0.03,2370597
CONUS_FLP1,linear,0.03,0.04,1908133
CONUS_FLP1,linear,0.04,0.05,1421744
CONUS_FLP1,linear,0.05,0.06,1361781
CONUS_FLP1,linear,0.06,0.07,1067304
CONUS_FLP1,linear,0.07,0.08,1054013
CONUS_FLP1,linear,0.08,0.09,772429
CONUS_FLP1,linear,0.09,0.1,745314
CONUS_FLP1,linear,0.1,0.11,749539
CONUS_FLP1,linear,0.11,0.12,740289
CONUS_FLP1,linear,0.12,0.13,639856
CONUS_FLP1,linear,0.13,0.14,461862
CONUS_FLP1,linear,0.14,0.15,648146
CONUS_FLP1,linear,0.15,0.16,472138
CONUS_FLP1,linear,0.16,0.17,602299
CONUS_FLP1,linear,0.17,0.18,318893
CONUS_FLP1,linear,0.18,0.19,416003
CONUS_FLP1,linear,0.19,0.2,233319
CONUS_FLP1,linear,0.2,0.21,635891
CONUS_FLP1,linear,0.21,0.22,305507
CONUS_FLP1,linear,0.22,0.23,334029
CONUS_FLP1,linear,0.23,0.24,310981
CONUS_FLP1,linear,0.24,0.25,148241
CONUS_FLP1,linear,0.25,0.26,680951
CONUS_FLP1,linear,0.26,0.27,242909
CONUS_FLP1,linear,0.27,0.28,258906
CONUS_FLP1,linear,0.28,0.29,339886
CONUS_FLP1,linear,0.29,0.3,198681
CONUS_FLP1,linear,0.3,0.31,311651
CONUS_FLP1,linear,0.31,0.32,222869
CONUS_FLP1,linear,0.32,0.33,144503
CONUS_FLP1,linear,0.33,0.34,748618
CONUS_FLP1,linear,0.34,0.35000000000000003,185688
CONUS_FLP1,linear,0.35000000000000003,0.36,199814
CONUS_FLP1,linear,0.36,0.37,233542
CONUS_FLP1,linear,0.37,0.38,262985
CONUS_FLP1,linear,0.38,0.39,208731
CONUS_FLP1,linear,0.39,0.4,152156
CONUS_FLP1,linear,0.4,0.41000000000000003,402317
CONUS_FLP1,linear,0.41000000000000003,0.42,206371
CONUS_FLP1,linear,0.42,0.43,296492
CONUS_FLP1,linear,0.43,0.44,175024
CONUS_FLP1,linear,0.44,0.45,229305
CONUS_FLP1,linear,0.45,0.46,196956
CONUS_FLP1,linear,0.46,0.47000000000000003,195725
CONUS_FLP1,linear,0.47000000000000003,0.48,187688
CONUS_FLP1,linear,0.48,0.49,224640
CONUS_FLP1,linear,0.49,0.5,72483
CONUS_FLP1,linear,0.5,0.51,1105621
CONUS_FLP1,linear,0.51,0.52,143775
CONUS_FLP1,linear,0.52,0.53,170118
CONUS_FLP1,linear,0.53,0.54,182479
CONUS_FLP1,linear,0.54,0.55,174552
CONUS_FLP1,linear,0.55,0.56,213167
CONUS_FLP1,linear,0.56,0.5700000000000001,147070
CONUS_FLP1,linear,0.5700000000000001,0.58,267649
CONUS_FLP1,linear,0.58,0.59,175249
CONUS_FLP1,linear,0.59,0.6,108400
CONUS_FLP1,linear,0.6,0.61,385475
CONUS_FLP1,linear,0.61,0.62,168257
CONUS_FLP1,linear,0.62,0.63,225139
CONUS_FLP1,linear,0.63,0.64,183054
CONUS_FLP1,linear,0.64,0.65,163813
CONUS_FLP1,linear,0.65,0.66,119430
CONUS_FLP1,linear,0.66,0.67,703801
CONUS_FLP1,linear,0.67,0.68,97957
CONUS_FLP1,linear,0.68,0.6900000000000001,156103
CONUS_FLP1,linear,0.6900000000000001,0.7000000000000001,257132
CONUS_FLP1,linear,0.7000000000000001,0.71,145322
CONUS_FLP1,linear,0.71,0.72,248290
CONUS_FLP1,linear,0.72,0.73,200070
CONUS_FLP1,linear,0.73,0.74,153639
CONUS_FLP1,linear,0.74,0.75,121624
CONUS_FLP1,linear,0.75,0.76,579195
CONUS_FLP1,linear,0.76,0.77,190334
CONUS_FLP1,linear,0.77,0.78,225633
CONUS_FLP1,linear,0.78,0.79,185721
CONUS_FLP1,linear,0.79,0.8,143623
CONUS_FLP1,linear,0.8,0.81,490161
CONUS_FLP1,linear,0.81,0.8200000000000001,197582
CONUS_FLP1,linear,0.8200000000000001,0.8300000000000001,132914
CONUS_FLP1,linear,0.8300000000000001,0.84,355554
CONUS_FLP1,linear,0.84,0.85,221911
CONUS_FLP1,linear,0.85,0.86,324636
CONUS_FLP1,linear,0.86,0.87,168440
CONUS_FLP1,linear,0.87,0.88,313589
CONUS_FLP1,linear,0.88,0.89,263577
CONUS_FLP1,linear,0.89,0.9,240591
CONUS_FLP1,linear,0.9,0.91,304190
CONUS_FLP1,linear,0.91,0.92,256638
CONUS_FLP1,linear,0.92,0.93,241492
CONUS_FLP1,linear,0.93,0.9400000000000001,224018
CONUS_FLP1,linear,0.9400000000000001,0.9500000000000001,265790
CONUS_FLP1,linear,0.9500000000000001,0.96,210695
CONUS_FLP1,linear,0.96,0.97,153703
CONUS_FLP1,linear,0.97,0.98,109938
CONUS_FLP1,linear,0.98,0.99,78659
CONUS_FLP1,linear,0.99,1.0,9238456
CONUS_FLP1,log,1e-12,1.258925411794166e-12,0
CONUS_FLP1,log,1.258925411794166e-12,1.5848931924611108e-12,0
CONUS_FLP1,log,1.5848931924611108e-12,1.9952623149688827e-12,0
CONUS_FLP1,log,1.9952623149688827e-12,2.5118864315095823e-12,0
CONUS_FLP1,log,2.5118864315095823e-12,3.1622776601683794e-12,0
CONUS_FLP1,log,3.1622776601683794e-12,3.9810717055349695e-12,0
CONUS_FLP1,log,3.9810717055349695e-12,5.011872336272715e-12,0
CONUS_FLP1,log,5.011872336272715e-12,6.309573444801943e-12,0
CONUS_FLP1,log,6.309573444801943e-12,7.943282347242821e-12,0
CONUS_FLP1,log,7.943282347242821e-12,1e-11,0
CONUS_FLP1,log,1e-11,1.2589254117941662e-11,0
CONUS_FLP1,log,1.2589254117941662e-11,1.5848931924611107e-11,0
CONUS_FLP1,log,1.5848931924611107e-11,1.9952623149688828e-11,0
CONUS_FLP1,log,1.9952623149688828e-11,2.5118864315095823e-11,0
CONUS_FLP1,log,2.5118864315095823e-11,3.1622776601683794e-11,0
CONUS_FLP1,log,3.1622776601683794e-11,3.9810717055349695e-11,0
CONUS_FLP1,log,3.9810717055349695e-11,5.011872336272715e-11,0
CONUS_FLP1,log,5.011872336272715e-11,6.309573444801942e-11,0
CONUS_FLP1,log,6.309573444801942e-11,7.943282347242822e-11,0
CONUS_FLP1,log,7.943282347242822e-11,1e-10,0
CONUS_FLP1,log,1e-10,1.2589254117941662e-10,0
CONUS_FLP1,log,1.2589254117941662e-10,1.584893192461111e-10,0
CONUS_FLP1,log,1.584893192461111e-10,1.9952623149688828e-10,0
CONUS_FLP1,log,1.9952623149688828e-10,2.511886431509582e-10,0
CONUS_FLP1,log,2.511886431509582e-10,3.1622776601683795e-10,0
CONUS_FLP1,log,3.1622776601683795e-10,3.9810717055349694e-10,0
CONUS_FLP1,log,3.9810717055349694e-10,5.011872336272714e-10,0
CONUS_FLP1,log,5.011872336272714e-10,6.309573444801942e-10,0
CONUS_FLP1,log,6.309573444801942e-10,7.943282347242822e-10,0
CONUS_FLP1,log,7.943282347242822e-10,1e-09,0
CONUS_FLP1,log,1e-09,1.2589254117941663e-09,0
CONUS_FLP1,log,1.2589254117941663e-09,1.584893192461111e-09,0
CONUS_FLP1,log,1.584893192461111e-09,1.9952623149688828e-09,0
CONUS_FLP1,log,1.9952623149688828e-09,2.511886431509582e-09,0
CONUS_FLP1,log,2.511886431509582e-09,3.1622776601683795e-09,0
CONUS_FLP1,log,3.1622776601683795e-09,3.981071705534969e-09,0
CONUS_FLP1,log,3.981071705534969e-09,5.011872336272715e-09,0
CONUS_FLP1,log,5.011872336272715e-09,6.309573444801943e-09,0
CONUS_FLP1,log,6.309573444801943e-09,7.943282347242822e-09,0
CONUS_FLP1,log,7.943282347242822e-09,1e-08,0
CONUS_FLP1,log,1e-08,1.2589254117941687e-08,0
CONUS_FLP1,log,1.2589254117941687e-08,1.584893192461114e-08,0
CONUS_FLP1,log,1.584893192461114e-08,1.9952623149688786e-08,0
CONUS_FLP1,log,1.9952623149688786e-08,2.511886431509582e-08,0
CONUS_FLP1,log,2.511886431509582e-08,3.162277660168379e-08,0
CONUS_FLP1,log,3.162277660168379e-08,3.9810717055349776e-08,0
CONUS_FLP1,log,3.9810717055349776e-08,5.011872336272725e-08,0
CONUS_FLP1,log,5.011872336272725e-08,6.309573444801943e-08,0
CONUS_FLP1,log,6.309573444801943e-08,7.943282347242822e-08,0
CONUS_FLP1,log,7.943282347242822e-08,1e-07,0
CONUS_FLP1,log,1e-07,1.2589254117941688e-07,0
CONUS_FLP1,log,1.2589254117941688e-07,1.584893192461114e-07,0
CONUS_FLP1,log,1.584893192461114e-07,1.995262314968883e-07,0
CONUS_FLP1,log,1.995262314968883e-07,2.5118864315095823e-07,0
CONUS_FLP1,log,2.5118864315095823e-07,3.162277660168379e-07,0
CONUS_FLP1,log,3.162277660168379e-07,3.981071705534977e-07,0
CONUS_FLP1,log,3.981071705534977e-07,5.011872336272725e-07,0
CONUS_FLP1,log,5.011872336272725e-07,6.309573444801942e-07,0
CONUS_FLP1,log,6.309573444801942e-07,7.943282347242821e-07,0
CONUS_FLP1,log,7.943282347242821e-07,1e-06,0
CONUS_FLP1,log,1e-06,1.2589254117941687e-06,2
CONUS_FLP1,log,1.2589254117941687e-06,1.584893192461114e-06,0
CONUS_FLP1,log,1.584893192461114e-06,1.995262314968883e-06,0
CONUS_FLP1,log,1.995262314968883e-06,2.5118864315095823e-06,49
CONUS_FLP1,log,2.5118864315095823e-06,3.162277660168379e-06,0
CONUS_FLP1,log,3.162277660168379e-06,3.981071705534978e-06,162
CONUS_FLP1,log,3.981071705534978e-06,5.011872336272725e-06,0
CONUS_FLP1,log,5.011872336272725e-06,6.309573444801943e-06,0
CONUS_FLP1,log,6.309573444801943e-06,7.943282347242822e-06,1
CONUS_FLP1,log,7.943282347242822e-06,9.999999999999999e-06,17
CONUS_FLP1,log,9.999999999999999e-06,1.2589254117941688e-05,2254
CONUS_FLP1,log,1.2589254117941688e-05,1.584893192461114e-05,18
CONUS_FLP1,log,1.584893192461114e-05,1.995262314968883e-05,136
CONUS_FLP1,log,1.995262314968883e-05,2.5118864315095822e-05,71
CONUS_FLP1,log,2.5118864315095822e-05,3.1622776601683795e-05,17
CONUS_FLP1,log,3.1622776601683795e-05,3.9810717055349776e-05,51
CONUS_FLP1,log,3.9810717055349776e-05,5.011872336272725e-05,354
CONUS_FLP1,log,5.011872336272725e-05,6.309573444801943e-05,214
CONUS_FLP1,log,6.309573444801943e-05,7.943282347242822e-05,9
CONUS_FLP1,log,7.943282347242822e-05,0.0001,119
CONUS_FLP1,log,0.0001,0.0001258925411794166,31
CONUS_FLP1,log,0.0001258925411794166,0.00015848931924611174,135
CONUS_FLP1,log,0.00015848931924611174,0.00019952623149688828,365
CONUS_FLP1,log,0.00019952623149688828,0.0002511886431509582,256
CONUS_FLP1,log,0.0002511886431509582,0.00031622776601683794,24
CONUS_FLP1,log,0.00031622776601683794,0.0003981071705534969,555
CONUS_FLP1,log,0.0003981071705534969,0.0005011872336272735,2164
CONUS_FLP1,log,0.0005011872336272735,0.0006309573444801943,8207
CONUS_FLP1,log,0.0006309573444801943,0.0007943282347242822,15977
CONUS_FLP1,log,0.0007943282347242822,0.001,30271
CONUS_FLP1,log,0.001,0.0012589254117941662,64111
CONUS_FLP1,log,0.0012589254117941662,0.0015848931924611173,105253
CONUS_FLP1,log,0.0015848931924611173,0.001995262314968883,195757
CONUS_FLP1,log,0.001995262314968883,0.002511886431509582,276065
CONUS_FLP1,log,0.002511886431509582,0.0031622776601683794,353380
CONUS_FLP1,log,0.0031622776601683794,0.0039810717055349856,465393
CONUS_FLP1,log,0.0039810717055349856,0.005011872336272735,544002
CONUS_FLP1,log,0.005011872336272735,0.006309573444801942,634243
CONUS_FLP1,log,0.006309573444801942,0.00794328234724282,764000
CONUS_FLP1,log,0.00794328234724282,0.01,894920
CONUS_FLP1,log,0.01,0.012589254117941713,1015633
CONUS_FLP1,log,0.012589254117941713,0.015848931924611172,1125870
CONUS_FLP1,log,0.015848931924611172,0.01995262314968883,1252849
CONUS_FLP1,log,0.01995262314968883,0.025118864315095822,1376167
CONUS_FLP1,log,0.025118864315095822,0.03162277660168379,1387298
CONUS_FLP1,log,0.03162277660168379,0.03981071705534985,1450327
CONUS_FLP1,log,0.03981071705534985,0.05011872336272735,1687193
CONUS_FLP1,log,0.05011872336272735,0.06309573444801943,1601594
CONUS_FLP1,log,0.06309573444801943,0.07943282347242822,1662773
CONUS_FLP1,log,0.07943282347242822,0.1,1584362
CONUS_FLP1,log,0.1,0.12589254117941714,1982984
CONUS_FLP1,log,0.12589254117941714,0.15848931924611173,1672681
CONUS_FLP1,log,0.15848931924611173,0.19952623149688828,1609224
CONUS_FLP1,log,0.19952623149688828,0.25118864315095824,2293827
CONUS_FLP1,log,0.25118864315095824,0.31622776601683794,1639211
CONUS_FLP1,log,0.31622776601683794,0.39810717055349853,2178594
CONUS_FLP1,log,0.39810717055349853,0.5011872336272735,3258409
CONUS_FLP1,log,0.5011872336272735,0.6309573444801942,2435636
CONUS_FLP1,log,0.6309573444801942,0.7943282347242822,3773311
CONUS_FLP1,log,0.7943282347242822,1.0,13886233
CONUS_FLP2,linear,0.0,0.01,43548018
CONUS_FLP2,linear,0.01,0.02,667404
CONUS_FLP2,linear,0.02,0.03,644924
CONUS_FLP2,linear,0.03,0.04,691953
CONUS_FLP2,linear,0.04,0.05,646873
CONUS_FLP2,linear,0.05,0.06,775858
CONUS_FLP2,linear,0.06,0.07,698052
CONUS_FLP2,linear,0.07,0.08,798905
CONUS_FLP2,linear,0.08,0.09,738227
CONUS_FLP2,linear,0.09,0.1,707988
CONUS_FLP2,linear,0.1,0.11,818879
CONUS_FLP2,linear,0.11,0.12,838384
CONUS_FLP2,linear,0.12,0.13,825749
CONUS_FLP2,linear,0.13,0.14,816593
CONUS_FLP2,linear,0.14,0.15,916465
CONUS_FLP2,linear,0.15,0.16,784009
CONUS_FLP2,linear,0.16,0.17,1068174
CONUS_FLP2,linear,0.17,0.18,697539
CONUS_FLP2,linear,0.18,0.19,828898
CONUS_FLP2,linear,0.19,0.2,653225
CONUS_FLP2,linear,0.2,0.21,1260235
CONUS_FLP2,linear,0.21,0.22,804343
CONUS_FLP2,linear,0.22,0.23,868336
CONUS_FLP2,linear,0.23,0.24,841195
CONUS_FLP2,linear,0.24,0.25,558145
CONUS_FLP2,linear,0.25,0.26,1551652
CONUS_FLP2,linear,0.26,0.27,805282
CONUS_FLP2,linear,0.27,0.28,857791
CONUS_FLP2,linear,0.28,0.29,1038717
CONUS_FLP2,linear,0.29,0.3,773734
CONUS_FLP2,linear,0.3,0.31,1005149
CONUS_FLP2,linear,0.31,0.32,846020
CONUS_FLP2,linear,0.32,0.33,679353
CONUS_FLP2,linear,0.33,0.34,1827562
CONUS_FLP2,linear,0.34,0.35000000000000003,765256
CONUS_FLP2,linear,0.35000000000000003,0.36,792054
CONUS_FLP2,linear,0.36,0.37,878992
CONUS_FLP2,linear,0.37,0.38,941112
CONUS_FLP2,linear,0.38,0.39,829552
CONUS_FLP2,linear,0.39,0.4,656167
CONUS_FLP2,linear,0.4,0.41000000000000003,1269074
CONUS_FLP2,linear,0.41000000000000003,0.42,826131
CONUS_FLP2,linear,0.42,0.43,1018622
CONUS_FLP2,linear,0.43,0.44,749813
CONUS_FLP2,linear,0.44,0.45,877413
CONUS_FLP2,linear,0.45,0.46,789759
CONUS_FLP2,linear,0.46,0.47000000000000003,800601
CONUS_FLP2,linear,0.47000000000000003,0.48,788284
CONUS_FLP2,linear,0.48,0.49,721971
CONUS_FLP2,linear,0.49,0.5,407398
CONUS_FLP2,linear,0.5,0.51,2560646
CONUS_FLP2,linear,0.51,0.52,641599
CONUS_FLP2,linear,0.52,0.53,727284
CONUS_FLP2,linear,0.53,0.54,781736
CONUS_FLP2,linear,0.54,0.55,708678
CONUS_FLP2,linear,0.55,0.56,803061
CONUS_FLP2,linear,0.56,0.5700000000000001,656461
CONUS_FLP2,linear,0.5700000000000001,0.58,905637
CONUS_FLP2,linear,0.58,0.59,718391
CONUS_FLP2,linear,0.59,0.6,519471
CONUS_FLP2,linear,0.6,0.61,1115806
CONUS_FLP2,linear,0.61,0.62,696850
CONUS_FLP2,linear,0.62,0.63,766795
CONUS_FLP2,linear,0.63,0.64,697129
CONUS_FLP2,linear,0.64,0.65,679370
CONUS_FLP2,linear,0.65,0.66,535802
CONUS_FLP2,linear,0.66,0.67,1413604
CONUS_FLP2,linear,0.67,0.68,435402
CONUS_FLP2,linear,0.68,0.6900000000000001,617418
CONUS_FLP2,linear,0.6900000000000001,0.7000000000000001,689673
CONUS_FLP2,linear,0.7000000000000001,0.71,483843
CONUS_FLP2,linear,0.71,0.72,667573
CONUS_FLP2,linear,0.72,0.73,553232
CONUS_FLP2,linear,0.73,0.74,472917
CONUS_FLP2,linear,0.74,0.75,291741
CONUS_FLP2,linear,0.75,0.76,948919
CONUS_FLP2,linear,0.76,0.77,419559
CONUS_FLP2,linear,0.77,0.78,421867
CONUS_FLP2,linear,0.78,0.79,344032
CONUS_FLP2,linear,0.79,0.8,204494
CONUS_FLP2,linear,0.8,0.81,582273
CONUS_FLP2,linear,0.81,0.8200000000000001,288476
CONUS_FLP2,linear,0.8200000000000001,0.8300000000000001,205664
CONUS_FLP2,linear,0.8300000000000001,0.84,354424
CONUS_FLP2,linear,0.84,0.85,183535
CONUS_FLP2,linear,0.85,0.86,260784
CONUS_FLP2,linear,0.86,0.87,137091
CONUS_FLP2,linear,0.87,0.88,181722
CONUS_FLP2,linear,0.88,0.89,155412
CONUS_FLP2,linear,0.89,0.9,117242
CONUS_FLP2,linear,0.9,0.91,98120
CONUS_FLP2,linear,0.91,0.92,71716
CONUS_FLP2,linear,0.92,0.93,81670
CONUS_FLP2,linear,0.93,0.9400000000000001,58281
CONUS_FLP2,linear,0.9400000000000001,0.9500000000000001,53887
CONUS_FLP2,linear,0.9500000000000001,0.96,35509
CONUS_FLP2,linear,0.96,0.97,23228
CONUS_FLP2,linear,0.97,0.98,14515
CONUS_FLP2,linear,0.98,0.99,6709
CONUS_FLP2,linear,0.99,1.0,1426917
CONUS_FLP2,log,1e-12,1.258925411794166e-12,0
CONUS_FLP2,log,1.258925411794166e-12,1.5848931924611108e-12,0
CONUS_FLP2,log,1.5848931924611108e-12,1.9952623149688827e-12,0
CONUS_FLP2,log,1.9952623149688827e-12,2.5118864315095823e-12,0
CONUS_FLP2,log,2.5118864315095823e-12,3.1622776601683794e-12,0
CONUS_FLP2,log,3.1622776601683794e-12,3.9810717055349695e-12,0
CONUS_FLP2,log,3.9810717055349695e-12,5.011872336272715e-12,0
CONUS_FLP2,log,5.011872336272715e-12,6.309573444801943e-12,0
CONUS_FLP2,log,6.309573444801943e-12,7.943282347242821e-12,0
CONUS_FLP2,log,7.943282347242821e-12,1e-11,0
CONUS_FLP2,log,1e-11,1.2589254117941662e-11,0
CONUS_FLP2,log,1.2589254117941662e-11,1.5848931924611107e-11,0
CONUS_FLP2,log,1.5848931924611107e-11,1.9952623149688828e-11,0
CONUS_FLP2,log,1.9952623149688828e-11,2.5118864315095823e-11,0
CONUS_FLP2,log,2.5118864315095823e-11,3.1622776601683794e-11,0
CONUS_FLP2,log,3.1622776601683794e-11,3.9810717055349695e-11,0
CONUS_FLP2,log,3.9810717055349695e-11,5.011872336272715e-11,0
CONUS_FLP2,log,5.011872336272715e-11,6.309573444801942e-11,0
CONUS_FLP2,log,6.309573444801942e-11,7.943282347242822e-11,0
CONUS_FLP2,log,7.943282347242822e-11,1e-10,0
CONUS_FLP2,log,1e-10,1.2589254117941662e-10,0
CONUS_FLP2,log,1.2589254117941662e-10,1.584893192461111e-10,0
CONUS_FLP2,log,1.584893192461111e-10,1.9952623149688828e-10,0
CONUS_FLP2,log,1.9952623149688828e-10,2.511886431509582e-10,0
CONUS_FLP2,log,2.511886431509582e-10,3.1622776601683795e-10,0
CONUS_FLP2,log,3.1622776601683795e-10,3.9810717055349694e-10,0
CONUS_FLP2,log,3.9810717055349694e-10,5.011872336272714e-10,0
CONUS_FLP2,log,5.011872336272714e-10,6.309573444801942e-10,0
CONUS_FLP2,log,6.309573444801942e-10,7.943282347242822e-10,0
CONUS_FLP2,log,7.943282347242822e-10,1e-09,0
CONUS_FLP2,log,1e-09,1.2589254117941663e-09,0
CONUS_FLP2,log,1.2589254117941663e-09,1.584893192461111e-09,0
CONUS_FLP2,log,1.584893192461111e-09,1.9952623149688828e-09,0
CONUS_FLP2,log,1.9952623149688828e-09,2.511886431509582e-09,0
CONUS_FLP2,log,2.511886431509582e-09,3.1622776601683795e-09,0
CONUS_FLP2,log,3.1622776601683795e-09,3.981071705534969e-09,0
CONUS_FLP2,log,3.981071705534969e-09,5.011872336272715e-09,0
CONUS_FLP2,log,5.011872336272715e-09,6.309573444801943e-09,0
CONUS_FLP2,log,6.309573444801943e-09,7.943282347242822e-09,0
CONUS_FLP2,log,7.943282347242822e-09,1e-08,0
CONUS_FLP2,log,1e-08,1.2589254117941687e-08,0
CONUS_FLP2,log,1.2589254117941687e-08,1.584893192461114e-08,0
CONUS_FLP2,log,1.584893192461114e-08,1.9952623149688786e-08,0
CONUS_FLP2,log,1.9952623149688786e-08,2.511886431509582e-08,0
CONUS_FLP2,log,2.511886431509582e-08,3.162277660168379e-08,0
CONUS_FLP2,log,3.162277660168379e-08,3.9810717055349776e-08,0
CONUS_FLP2,log,3.9810717055349776e-08,5.011872336272725e-08,0
CONUS_FLP2,log,5.011872336272725e-08,6.309573444801943e-08,0
CONUS_FLP2,log,6.309573444801943e-08,7.943282347242822e-08,0
CONUS_FLP2,log,7.943282347242822e-08,1e-07,0
CONUS_FLP2,log,1e-07,1.2589254117941688e-07,0
CONUS_FLP2,log,1.2589254117941688e-07,1.584893192461114e-07,0
CONUS_FLP2,log,1.584893192461114e-07,1.995262314968883e-07,0
CONUS_FLP2,log,1.995262314968883e-07,2.5118864315095823e-07,0
CONUS_FLP2,log,2.5118864315095823e-07,3.162277660168379e-07,0
CONUS_FLP2,log,3.162277660168379e-07,3.981071705534977e-07,0
CONUS_FLP2,log,3.981071705534977e-07,5.011872336272725e-07,0
CONUS_FLP2,log,5.011872336272725e-07,6.309573444801942e-07,0
CONUS_FLP2,log,6.309573444801942e-07,7.943282347242821e-07,0
CONUS_FLP2,log,7.943282347242821e-07,1e-06,0
CONUS_FLP2,log,1e-06,1.2589254117941687e-06,0
CONUS_FLP2,log,1.2589254117941687e-06,1.584893192461114e-06,0
CONUS_FLP2,log,1.584893192461114e-06,1.995262314968883e-06,0
CONUS_FLP2,log,1.995262314968883e-06,2.5118864315095823e-06,0
CONUS_FLP2,log,2.5118864315095823e-06,3.162277660168379e-06,0
CONUS_FLP2,log,3.162277660168379e-06,3.981071705534978e-06,0
CONUS_FLP2,log,3.981071705534978e-06,5.011872336272725e-06,0
CONUS_FLP2,log,5.011872336272725e-06,6.309573444801943e-06,0
CONUS_FLP2,log,6.309573444801943e-06,7.943282347242822e-06,0
CONUS_FLP2,log,7.943282347242822e-06,9.999999999999999e-06,0
CONUS_FLP2,log,9.999999999999999e-06,1.2589254117941688e-05,0
CONUS_FLP2,log,1.2589254117941688e-05,1.584893192461114e-05,0
CONUS_FLP2,log,1.584893192461114e-05,1.995262314968883e-05,0
CONUS_FLP2,log,1.995262314968883e-05,2.5118864315095822e-05,2
CONUS_FLP2,log,2.5118864315095822e-05,3.1622776601683795e-05,0
CONUS_FLP2,log,3.1622776601683795e-05,3.9810717055349776e-05,0
CONUS_FLP2,log,3.9810717055349776e-05,5.011872336272725e-05,0
CONUS_FLP2,log,5.011872336272725e-05,6.309573444801943e-05,0
CONUS_FLP2,log,6.309573444801943e-05,7.943282347242822e-05,0
CONUS_FLP2,log,7.943282347242822e-05,0.0001,0
CONUS_FLP2,log,0.0001,0.0001258925411794166,1048
CONUS_FLP2,log,0.0001258925411794166,0.00015848931924611174,0
CONUS_FLP2,log,0.00015848931924611174,0.00019952623149688828,37
CONUS_FLP2,log,0.00019952623149688828,0.0002511886431509582,0
CONUS_FLP2,log,0.0002511886431509582,0.00031622776601683794,42
CONUS_FLP2,log,0.00031622776601683794,0.0003981071705534969,436
CONUS_FLP2,log,0.0003981071705534969,0.0005011872336272735,2522
CONUS_FLP2,log,0.0005011872336272735,0.0006309573444801943,5066
CONUS_FLP2,log,0.0006309573444801943,0.0007943282347242822,11082
CONUS_FLP2,log,0.0007943282347242822,0.001,17194
CONUS_FLP2,log,0.001,0.0012589254117941662,20040
CONUS_FLP2,log,0.0012589254117941662,0.0015848931924611173,27923
CONUS_FLP2,log,0.0015848931924611173,0.001995262314968883,35880
CONUS_FLP2,log,0.001995262314968883,0.002511886431509582,42626
CONUS_FLP2,log,0.002511886431509582,0.0031622776601683794,51190
CONUS_FLP2,log,0.0031622776601683794,0.0039810717055349856,63763
CONUS_FLP2,log,0.0039810717055349856,0.005011872336272735,77342
CONUS_FLP2,log,0.005011872336272735,0.006309573444801942,94277
CONUS_FLP2,log,0.006309573444801942,0.00794328234724282,121118
CONUS_FLP2,log,0.00794328234724282,0.01,146866
CONUS_FLP2,log,0.01,0.012589254117941713,173423
CONUS_FLP2,log,0.012589254117941713,0.015848931924611172,214061
CONUS_FLP2,log,0.015848931924611172,0.01995262314968883,271280
CONUS_FLP2,log,0.01995262314968883,0.025118864315095822,342140
CONUS_FLP2,log,0.025118864315095822,0.03162277660168379,423946
CONUS_FLP2,log,0.03162277660168379,0.03981071705534985,540592
CONUS_FLP2,log,0.03981071705534985,0.05011872336272735,747435
CONUS_FLP2,log,0.05011872336272735,0.06309573444801943,947072
CONUS_FLP2,log,0.06309573444801943,0.07943282347242822,1212047
CONUS_FLP2,log,0.07943282347242822,0.1,1498188
CONUS_FLP2,log,0.1,0.12589254117941714,2258132
CONUS_FLP2,log,0.12589254117941714,0.15848931924611173,2635406
CONUS_FLP2,log,0.15848931924611173,0.19952623149688828,3309010
CONUS_FLP2,log,0.19952623149688828,0.25118864315095824,5390654
CONUS_FLP2,log,0.25118864315095824,0.31622776601683794,5560773
CONUS_FLP2,log,0.31622776601683794,0.39810717055349853,7565562
CONUS_FLP2,log,0.39810717055349853,0.5011872336272735,10543218
CONUS_FLP2,log,0.5011872336272735,0.6309573444801942,9459315
CONUS_FLP2,log,0.6309573444801942,0.7943282347242822,9746167
CONUS_FLP2,log,0.7943282347242822,1.0,4425556
CONUS_FLP3,linear,0.0,0.01,53714551
CONUS_FLP3,linear,0.01,0.02,1302096
CONUS_FLP3,linear,0.02,0.03,1097534
CONUS_FLP3,linear,0.03,0.04,1211502
CONUS_FLP3,linear,0.04,0.05,946119
CONUS_FLP3,linear,0.05,0.06,1014067
CONUS_FLP3,linear,0.06,0.07,877024
CONUS_FLP3,linear,0.07,0.08,885484
CONUS_FLP3,linear,0.08,0.09,741424
CONUS_FLP3,linear,0.09,0.1,763473
CONUS_FLP3,linear,0.1,0.11,841167
CONUS_FLP3,linear,0.11,0.12,903737
CONUS_FLP3,linear,0.12,0.13,853386
CONUS_FLP3,linear,0.13,0.14,706863
CONUS_FLP3,linear,0.14,0.15,892056
CONUS_FLP3,linear,0.15,0.16,795888
CONUS_FLP3,linear,0.16,0.17,969148
CONUS_FLP3,linear,0.17,0.18,649250
CONUS_FLP3,linear,0.18,0.19,787360
CONUS_FLP3,linear,0.19,0.2,590193
CONUS_FLP3,linear,0.2,0.21,1215149
CONUS_FLP3,linear,0.21,0.22,766459
CONUS_FLP3,linear,0.22,0.23,838534
CONUS_FLP3,linear,0.23,0.24,848112
CONUS_FLP3,linear,0.24,0.25,555374
CONUS_FLP3,linear,0.25,0.26,1449144
CONUS_FLP3,linear,0.26,0.27,809738
CONUS_FLP3,linear,0.27,0.28,892286
CONUS_FLP3,linear,0.28,0.29,1006863
CONUS_FLP3,linear,0.29,0.3,776015
CONUS_FLP3,linear,0.3,0.31,1011432
CONUS_FLP3,linear,0.31,0.32,902165
CONUS_FLP3,linear,0.32,0.33,738191
CONUS_FLP3,linear,0.33,0.34,1662033
CONUS_FLP3,linear,0.34,0.35000000000000003,896941
CONUS_FLP3,linear,0.35000000000000003,0.36,941454
CONUS_FLP3,linear,0.36,0.37,1069457
CONUS_FLP3,linear,0.37,0.38,1109714
CONUS_FLP3,linear,0.38,0.39,1069858
CONUS_FLP3,linear,0.39,0.4,935436
CONUS_FLP3,linear,0.4,0.41000000000000003,1447476
CONUS_FLP3,linear,0.41000000000000003,0.42,1170117
CONUS_FLP3,linear,0.42,0.43,1336447
CONUS_FLP3,linear,0.43,0.44,1199182
CONUS_FLP3,linear,0.44,0.45,1264553
CONUS_FLP3,linear,0.45,0.46,1213062
CONUS_FLP3,linear,0.46,0.47000000000000003,1220062
CONUS_FLP3,linear,0.47000000000000003,0.48,1208549
CONUS_FLP3,linear,0.48,0.49,1021666
CONUS_FLP3,linear,0.49,0.5,698000
CONUS_FLP3,linear,0.5,0.51,2017355
CONUS_FLP3,linear,0.51,0.52,788680
CONUS_FLP3,linear,0.52,0.53,745622
CONUS_FLP3,linear,0.53,0.54,661207
CONUS_FLP3,linear,0.54,0.55,565419
CONUS_FLP3,linear,0.55,0.56,531171
CONUS_FLP3,linear,0.56,0.5700000000000001,407960
CONUS_FLP3,linear,0.5700000000000001,0.58,450534
CONUS_FLP3,linear,0.58,0.59,317872
CONUS_FLP3,linear,0.59,0.6,200852
CONUS_FLP3,linear,0.6,0.61,383784
CONUS_FLP3,linear,0.61,0.62,193335
CONUS_FLP3,linear,0.62,0.63,192255
CONUS_FLP3,linear,0.63,0.64,144963
CONUS_FLP3,linear,0.64,0.65,113537
CONUS_FLP3,linear,0.65,0.66,69287
CONUS_FLP3,linear,0.66,0.67,328677
CONUS_FLP3,linear,0.67,0.68,33981
CONUS_FLP3,linear,0.68,0.6900000000000001,53908
CONUS_FLP3,linear,0.6900000000000001,0.7000000000000001,65656
CONUS_FLP3,linear,0.7000000000000001,0.71,29660
CONUS_FLP3,linear,0.71,0.72,61726
CONUS_FLP3,linear,0.72,0.73,33352
CONUS_FLP3,linear,0.73,0.74,20457
CONUS_FLP3,linear,0.74,0.75,6485
CONUS_FLP3,linear,0.75,0.76,112608
CONUS_FLP3,linear,0.76,0.77,15173
CONUS_FLP3,linear,0.77,0.78,18879
CONUS_FLP3,linear,0.78,0.79,8560
CONUS_FLP3,linear,0.79,0.8,2160
CONUS_FLP3,linear,0.8,0.81,48613
CONUS_FLP3,linear,0.81,0.8200000000000001,8009
CONUS_FLP3,linear,0.8200000000000001,0.8300000000000001,2367
CONUS_FLP3,linear,0.8300000000000001,0.84,23333
CONUS_FLP3,linear,0.84,0.85,3082
CONUS_FLP3,linear,0.85,0.86,12065
CONUS_FLP3,linear,0.86,0.87,1409
CONUS_FLP3,linear,0.87,0.88,6319
CONUS_FLP3,linear,0.88,0.89,4030
CONUS_FLP3,linear,0.89,0.9,1936
CONUS_FLP3,linear,0.9,0.91,1576
CONUS_FLP3,linear,0.91,0.92,819
CONUS_FLP3,linear,0.92,0.93,737
CONUS_FLP3,linear,0.93,0.9400000000000001,313
CONUS_FLP3,linear,0.9400000000000001,0.9500000000000001,188
CONUS_FLP3,linear,0.9500000000000001,0.96,72
CONUS_FLP3,linear,0.96,0.97,35
CONUS_FLP3,linear,0.97,0.98,11
CONUS_FLP3,linear,0.98,0.99,9
CONUS_FLP3,linear,0.99,1.0,306166
CONUS_FLP3,log,1e-12,1.258925411794166e-12,0
CONUS_FLP3,log,1.258925411794166e-12,1.5848931924611108e-12,0
CONUS_FLP3,log,1.5848931924611108e-12,1.9952623149688827e-12,0
CONUS_FLP3,log,1.9952623149688827e-12,2.5118864315095823e-12,0
CONUS_FLP3,log,2.5118864315095823e-12,3.1622776601683794e-12,0
CONUS_FLP3,log,3.1622776601683794e-12,3.9810717055349695e-12,0
CONUS_FLP3,log,3.9810717055349695e-12,5.011872336272715e-12,0
CONUS_FLP3,log,5.011872336272715e-12,6.309573444801943e-12,0
CONUS_FLP3,log,6.309573444801943e-12,7.943282347242821e-12,0
CONUS_FLP3,log,7.943282347242821e-12,1e-11,0
CONUS_FLP3,log,1e-11,1.2589254117941662e-11,0
CONUS_FLP3,log,1.2589254117941662e-11,1.5848931924611107e-11,0
CONUS_FLP3,log,1.5848931924611107e-11,1.9952623149688828e-11,0
CONUS_FLP3,log,1.9952623149688828e-11,2.5118864315095823e-11,0
CONUS_FLP3,log,2.5118864315095823e-11,3.1622776601683794e-11,0
CONUS_FLP3,log,3.1622776601683794e-11,3.9810717055349695e-11,0
CONUS_FLP3,log,3.9810717055349695e-11,5.011872336272715e-11,0
CONUS_FLP3,log,5.011872336272715e-11,6.309573444801942e-11,0
CONUS_FLP3,log,6.309573444801942e-11,7.943282347242822e-11,0
CONUS_FLP3,log,7.943282347242822e-11,1e-10,0
CONUS_FLP3,log,1e-10,1.2589254117941662e-10,0
CONUS_FLP3,log,1.2589254117941662e-10,1.584893192461111e-10,0
CONUS_FLP3,log,1.584893192461111e-10,1.9952623149688828e-10,0
CONUS_FLP3,log,1.9952623149688828e-10,2.511886431509582e-10,0
CONUS_FLP3,log,2.511886431509582e-10,3.1622776601683795e-10,0
CONUS_FLP3,log,3.1622776601683795e-10,3.9810717055349694e-10,0
CONUS_FLP3,log,3.9810717055349694e-10,5.011872336272714e-10,0
CONUS_FLP3,log,5.011872336272714e-10,6.309573444801942e-10,0
CONUS_FLP3,log,6.309573444801942e-10,7.943282347242822e-10,0
CONUS_FLP3,log,7.943282347242822e-10,1e-09,0
CONUS_FLP3,log,1e-09,1.2589254117941663e-09,0
CONUS_FLP3,log,1.2589254117941663e-09,1.584893192461111e-09,0
CONUS_FLP3,log,1.584893192461111e-09,1.9952623149688828e-09,0
CONUS_FLP3,log,1.9952623149688828e-09,2.511886431509582e-09,0
CONUS_FLP3,log,2.511886431509582e-09,3.1622776601683795e-09,0
CONUS_FLP3,log,3.1622776601683795e-09,3.981071705534969e-09,0
CONUS_FLP3,log,3.981071705534969e-09,5.011872336272715e-09,0
CONUS_FLP3,log,5.011872336272715e-09,6.309573444801943e-09,0
CONUS_FLP3,log,6.309573444801943e-09,7.943282347242822e-09,0
CONUS_FLP3,log,7.943282347242822e-09,1e-08,0
CONUS_FLP3,log,1e-08,1.2589254117941687e-08,0
CONUS_FLP3,log,1.2589254117941687e-08,1.584893192461114e-08,0
CONUS_FLP3,log,1.584893192461114e-08,1.9952623149688786e-08,0
CONUS_FLP3,log,1.9952623149688786e-08,2.511886431509582e-08,0
CONUS_FLP3,log,2.511886431509582e-08,3.162277660168379e-08,0
CONUS_FLP3,log,3.162277660168379e-08,3.9810717055349776e-08,0
CONUS_FLP3,log,3.9810717055349776e-08,5.011872336272725e-08,0
CONUS_FLP3,log,5.011872336272725e-08,6.309573444801943e-08,0
CONUS_FLP3,log,6.309573444801943e-08,7.943282347242822e-08,0
CONUS_FLP3,log,7.943282347242822e-08,1e-07,0
CONUS_FLP3,log,1e-07,1.2589254117941688e-07,0
CONUS_FLP3,log,1.2589254117941688e-07,1.584893192461114e-07,0
CONUS_FLP3,log,1.584893192461114e-07,1.995262314968883e-07,0
CONUS_FLP3,log,1.995262314968883e-07,2.5118864315095823e-07,0
CONUS_FLP3,log,2.5118864315095823e-07,3.162277660168379e-07,0
CONUS_FLP3,log,3.162277660168379e-07,3.981071705534977e-07,0
CONUS_FLP3,log,3.981071705534977e-07,5.011872336272725e-07,0
CONUS_FLP3,log,5.011872336272725e-07,6.309573444801942e-07,0
CONUS_FLP3,log,6.309573444801942e-07,7.943282347242821e-07,0
CONUS_FLP3,log,7.943282347242821e-07,1e-06,0
CONUS_FLP3,log,1e-06,1.2589254117941687e-06,0
CONUS_FLP3,log,1.2589254117941687e-06,1.584893192461114e-06,0
CONUS_FLP3,log,1.584893192461114e-06,1.995262314968883e-06,0
CONUS_FLP3,log,1.995262314968883e-06,2.5118864315095823e-06,0
CONUS_FLP3,log,2.5118864315095823e-06,3.162277660168379e-06,0
CONUS_FLP3,log,3.162277660168379e-06,3.981071705534978e-06,0
CONUS_FLP3,log,3.981071705534978e-06,5.011872336272725e-06,0
CONUS_FLP3,log,5.011872336272725e-06,6.309573444801943e-06,0
CONUS_FLP3,log,6.309573444801943e-06,7.943282347242822e-06,0
CONUS_FLP3,log,7.943282347242822e-06,9.999999999999999e-06,84
CONUS_FLP3,log,9.999999999999999e-06,1.2589254117941688e-05,1
CONUS_FLP3,log,1.2589254117941688e-05,1.584893192461114e-05,0
CONUS_FLP3,log,1.584893192461114e-05,1.995262314968883e-05,0
CONUS_FLP3,log,1.995262314968883e-05,2.5118864315095822e-05,1
CONUS_FLP3,log,2.5118864315095822e-05,3.1622776601683795e-05,453
CONUS_FLP3,log,3.1622776601683795e-05,3.9810717055349776e-05,21
CONUS_FLP3,log,3.9810717055349776e-05,5.011872336272725e-05,355
CONUS_FLP3,log,5.011872336272725e-05,6.309573444801943e-05,14562
CONUS_FLP3,log,6.309573444801943e-05,7.943282347242822e-05,6
CONUS_FLP3,log,7.943282347242822e-05,0.0001,528
CONUS_FLP3,log,0.0001,0.0001258925411794166,303
CONUS_FLP3,log,0.0001258925411794166,0.00015848931924611174,75
CONUS_FLP3,log,0.00015848931924611174,0.00019952623149688828,10
CONUS_FLP3,log,0.00019952623149688828,0.0002511886431509582,38772
CONUS_FLP3,log,0.0002511886431509582,0.00031622776601683794,2044
CONUS_FLP3,log,0.00031622776601683794,0.0003981071705534969,18594
CONUS_FLP3,log,0.0003981071705534969,0.0005011872336272735,10095
CONUS_FLP3,log,0.0005011872336272735,0.0006309573444801943,5607
CONUS_FLP3,log,0.0006309573444801943,0.0007943282347242822,41924
CONUS_FLP3,log,0.0007943282347242822,0.001,18503
CONUS_FLP3,log,0.001,0.0012589254117941662,32391
CONUS_FLP3,log,0.0012589254117941662,0.0015848931924611173,18757
CONUS_FLP3,log,0.0015848931924611173,0.001995262314968883,52528
CONUS_FLP3,log,0.001995262314968883,0.002511886431509582,88852
CONUS_FLP3,log,0.002511886431509582,0.0031622776601683794,81365
CONUS_FLP3,log,0.0031622776601683794,0.0039810717055349856,67831
CONUS_FLP3,log,0.0039810717055349856,0.005011872336272735,90940
CONUS_FLP3,log,0.005011872336272735,0.006309573444801942,152457
CONUS_FLP3,log,0.006309573444801942,0.00794328234724282,160625
CONUS_FLP3,log,0.00794328234724282,0.01,217218
CONUS_FLP3,log,0.01,0.012589254117941713,316485
CONUS_FLP3,log,0.012589254117941713,0.015848931924611172,368771
CONUS_FLP3,log,0.015848931924611172,0.01995262314968883,599643
CONUS_FLP3,log,0.01995262314968883,0.025118864315095822,614945
CONUS_FLP3,log,0.025118864315095822,0.03162277660168379,759875
CONUS_FLP3,log,0.03162277660168379,0.03981071705534985,882149
CONUS_FLP3,log,0.03981071705534985,0.05011872336272735,1123465
CONUS_FLP3,log,0.05011872336272735,0.06309573444801943,1208940
CONUS_FLP3,log,0.06309573444801943,0.07943282347242822,1401032
CONUS_FLP3,log,0.07943282347242822,0.1,1563418
CONUS_FLP3,log,0.1,0.12589254117941714,2396931
CONUS_FLP3,log,0.12589254117941714,0.15848931924611173,2485958
CONUS_FLP3,log,0.15848931924611173,0.19952623149688828,3049758
CONUS_FLP3,log,0.19952623149688828,0.25118864315095824,5190905
CONUS_FLP3,log,0.25118864315095824,0.31622776601683794,5610737
CONUS_FLP3,log,0.31622776601683794,0.39810717055349853,8594453
CONUS_FLP3,log,0.39810717055349853,0.5011872336272735,13382464
CONUS_FLP3,log,0.5011872336272735,0.6309573444801942,6015657
CONUS_FLP3,log,0.6309573444801942,0.7943282347242822,1110076
CONUS_FLP3,log,0.7943282347242822,1.0,421782
CONUS_FLP4,linear,0.0,0.01,69322914
CONUS_FLP4,linear,0.01,0.02,1769958
CONUS_FLP4,linear,0.02,0.03,1819865
CONUS_FLP4,linear,0.03,0.04,1752690
CONUS_FLP4,linear,0.04,0.05,1521255
CONUS_FLP4,linear,0.05,0.06,1658020
CONUS_FLP4,linear,0.06,0.07,1487602
CONUS_FLP4,linear,0.07,0.08,1553018
CONUS_FLP4,linear,0.08,0.09,1396298
CONUS_FLP4,linear,0.09,0.1,1342704
CONUS_FLP4,linear,0.1,0.11,1423401
CONUS_FLP4,linear,0.11,0.12,1413571
CONUS_FLP4,linear,0.12,0.13,1291006
CONUS_FLP4,linear,0.13,0.14,1199776
CONUS_FLP4,linear,0.14,0.15,1291468
CONUS_FLP4,linear,0.15,0.16,1209554
CONUS_FLP4,linear,0.16,0.17,1276189
CONUS_FLP4,linear,0.17,0.18,1067435
CONUS_FLP4,linear,0.18,0.19,1148495
CONUS_FLP4,linear,0.19,0.2,993587
CONUS_FLP4,linear,0.2,0.21,1319000
CONUS_FLP4,linear,0.21,0.22,1044009
CONUS_FLP4,linear,0.22,0.23,1024198
CONUS_FLP4,linear,0.23,0.24,987848
CONUS_FLP4,linear,0.24,0.25,765491
CONUS_FLP4,linear,0.25,0.26,1213135
CONUS_FLP4,linear,0.26,0.27,814610
CONUS_FLP4,linear,0.27,0.28,774186
CONUS_FLP4,linear,0.28,0.29,787493
CONUS_FLP4,linear,0.29,0.3,631705
CONUS_FLP4,linear,0.3,0.31,668518
CONUS_FLP4,linear,0.31,0.32,566369
CONUS_FLP4,linear,0.32,0.33,463805
CONUS_FLP4,linear,0.33,0.34,705890
CONUS_FLP4,linear,0.34,0.35000000000000003,391757
CONUS_FLP4,linear,0.35000000000000003,0.36,346758
CONUS_FLP4,linear,0.36,0.37,316239
CONUS_FLP4,linear,0.37,0.38,289383
CONUS_FLP4,linear,0.38,0.39,227170
CONUS_FLP4,linear,0.39,0.4,166556
CONUS_FLP4,linear,0.4,0.41000000000000003,239361
CONUS_FLP4,linear,0.41000000000000003,0.42,138095
CONUS_FLP4,linear,0.42,0.43,143623
CONUS_FLP4,linear,0.43,0.44,86075
CONUS_FLP4,linear,0.44,0.45,87485
CONUS_FLP4,linear,0.45,0.46,65157
CONUS_FLP4,linear,0.46,0.47000000000000003,54249
CONUS_FLP4,linear,0.47000000000000003,0.48,41441
CONUS_FLP4,linear,0.48,0.49,26274
CONUS_FLP4,linear,0.49,0.5,12701
CONUS_FLP4,linear,0.5,0.51,215811
CONUS_FLP4,linear,0.51,0.52,13100
CONUS_FLP4,linear,0.52,0.53,14305
CONUS_FLP4,linear,0.53,0.54,14049
CONUS_FLP4,linear,0.54,0.55,11886
CONUS_FLP4,linear,0.55,0.56,14200
CONUS_FLP4,linear,0.56,0.5700000000000001,5910
CONUS_FLP4,linear,0.5700000000000001,0.58,17202
CONUS_FLP4,linear,0.58,0.59,6356
CONUS_FLP4,linear,0.59,0.6,2239
CONUS_FLP4,linear,0.6,0.61,23479
CONUS_FLP4,linear,0.61,0.62,3365
CONUS_FLP4,linear,0.62,0.63,7053
CONUS_FLP4,linear,0.63,0.64,3103
CONUS_FLP4,linear,0.64,0.65,2018
CONUS_FLP4,linear,0.65,0.66,838
CONUS_FLP4,linear,0.66,0.67,36001
CONUS_FLP4,linear,0.67,0.68,385
CONUS_FLP4,linear,0.68,0.6900000000000001,832
CONUS_FLP4,linear,0.6900000000000001,0.7000000000000001,1725
CONUS_FLP4,linear,0.7000000000000001,0.71,622
CONUS_FLP4,linear,0.71,0.72,3375
CONUS_FLP4,linear,0.72,0.73,775
CONUS_FLP4,linear,0.73,0.74,293
CONUS_FLP4,linear,0.74,0.75,115
CONUS_FLP4,linear,0.75,0.76,10391
CONUS_FLP4,linear,0.76,0.77,299
CONUS_FLP4,linear,0.77,0.78,618
CONUS_FLP4,linear,0.78,0.79,158
CONUS_FLP4,linear,0.79,0.8,38
CONUS_FLP4,linear,0.8,0.81,3666
CONUS_FLP4,linear,0.81,0.8200000000000001,161
CONUS_FLP4,linear,0.8200000000000001,0.8300000000000001,37
CONUS_FLP4,linear,0.8300000000000001,0.84,1387
CONUS_FLP4,linear,0.84,0.85,52
CONUS_FLP4,linear,0.85,0.86,508
CONUS_FLP4,linear,0.86,0.87,23
CONUS_FLP4,linear,0.87,0.88,204
CONUS_FLP4,linear,0.88,0.89,87
CONUS_FLP4,linear,0.89,0.9,29
CONUS_FLP4,linear,0.9,0.91,60
CONUS_FLP4,linear,0.91,0.92,6
CONUS_FLP4,linear,0.92,0.93,7
CONUS_FLP4,linear,0.93,0.9400000000000001,6
CONUS_FLP4,linear,0.9400000000000001,0.9500000000000001,2
CONUS_FLP4,linear,0.9500000000000001,0.96,4
CONUS_FLP4,linear,0.96,0.97,0
CONUS_FLP4,linear,0.97,0.98,0
CONUS_FLP4,linear,0.98,0.99,0
CONUS_FLP4,linear,0.99,1.0,57828
CONUS_FLP4,log,1e-12,1.258925411794166e-12,0
CONUS_FLP4,log,1.258925411794166e-12,1.5848931924611108e-12,0
CONUS_FLP4,log,1.5848931924611108e-12,1.9952623149688827e-12,0
CONUS_FLP4,log,1.9952623149688827e-12,2.5118864315095823e-12,0
CONUS_FLP4,log,2.5118864315095823e-12,3.1622776601683794e-12,0
CONUS_FLP4,log,3.1622776601683794e-12,3.9810717055349695e-12,0
CONUS_FLP4,log,3.9810717055349695e-12,5.011872336272715e-12,0
CONUS_FLP4,log,5.011872336272715e-12,6.309573444801943e-12,0
CONUS_FLP4,log,6.309573444801943e-12,7.943282347242821e-12,0
CONUS_FLP4,log,7.943282347242821e-12,1e-11,0
CONUS_FLP4,log,1e-11,1.2589254117941662e-11,0
CONUS_FLP4,log,1.2589254117941662e-11,1.5848931924611107e-11,0
CONUS_FLP4,log,1.5848931924611107e-11,1.9952623149688828e-11,0
CONUS_FLP4,log,1.9952623149688828e-11,2.5118864315095823e-11,0
CONUS_FLP4,log,2.5118864315095823e-11,3.1622776601683794e-11,0
CONUS_FLP4,log,3.1622776601683794e-11,3.9810717055349695e-11,0
CONUS_FLP4,log,3.9810717055349695e-11,5.011872336272715e-11,0
CONUS_FLP4,log,5.011872336272715e-11,6.309573444801942e-11,0
CONUS_FLP4,log,6.309573444801942e-11,7.943282347242822e-11,0
CONUS_FLP4,log,7.943282347242822e-11,1e-10,0
CONUS_FLP4,log,1e-10,1.2589254117941662e-10,0
CONUS_FLP4,log,1.2589254117941662e-10,1.584893192461111e-10,0
CONUS_FLP4,log,1.584893192461111e-10,1.9952623149688828e-10,0
CONUS_FLP4,log,1.9952623149688828e-10,2.511886431509582e-10,0
CONUS_FLP4,log,2.511886431509582e-10,3.1622776601683795e-10,0
CONUS_FLP4,log,3.1622776601683795e-10,3.9810717055349694e-10,0
CONUS_FLP4,log,3.9810717055349694e-10,5.011872336272714e-10,0
CONUS_FLP4,log,5.011872336272714e-10,6.309573444801942e-10,0
CONUS_FLP4,log,6.309573444801942e-10,7.943282347242822e-10,0
CONUS_FLP4,log,7.943282347242822e-10,1e-09,0
CONUS_FLP4,log,1e-09,1.2589254117941663e-09,0
CONUS_FLP4,log,1.2589254117941663e-09,1.584893192461111e-09,0
CONUS_FLP4,log,1.584893192461111e-09,1.9952623149688828e-09,0
CONUS_FLP4,log,1.9952623149688828e-09,2.511886431509582e-09,0
CONUS_FLP4,log,2.511886431509582e-09,3.1622776601683795e-09,0
CONUS_FLP4,log,3.1622776601683795e-09,3.981071705534969e-09,0
CONUS_FLP4,log,3.981071705534969e-09,5.011872336272715e-09,0
CONUS_FLP4,log,5.011872336272715e-09,6.309573444801943e-09,0
CONUS_FLP4,log,6.309573444801943e-09,7.943282347242822e-09,0
CONUS_FLP4,log,7.943282347242822e-09,1e-08,0
CONUS_FLP4,log,1e-08,1.2589254117941687e-08,0
CONUS_FLP4,log,1.2589254117941687e-08,1.584893192461114e-08,0
CONUS_FLP4,log,1.584893192461114e-08,1.9952623149688786e-08,0
CONUS_FLP4,log,1.9952623149688786e-08,2.511886431509582e-08,0
CONUS_FLP4,log,2.511886431509582e-08,3.162277660168379e-08,0
CONUS_FLP4,log,3.162277660168379e-08,3.9810717055349776e-08,0
CONUS_FLP4,log,3.9810717055349776e-08,5.011872336272725e-08,0
CONUS_FLP4,log,5.011872336272725e-08,6.309573444801943e-08,0
CONUS_FLP4,log,6.309573444801943e-08,7.943282347242822e-08,0
CONUS_FLP4,log,7.943282347242822e-08,1e-07,0
CONUS_FLP4,log,1e-07,1.2589254117941688e-07,0
CONUS_FLP4,log,1.2589254117941688e-07,1.584893192461114e-07,0
CONUS_FLP4,log,1.584893192461114e-07,1.995262314968883e-07,5300
CONUS_FLP4,log,1.995262314968883e-07,2.5118864315095823e-07,0
CONUS_FLP4,log,2.5118864315095823e-07,3.162277660168379e-07,13021
CONUS_FLP4,log,3.162277660168379e-07,3.981071705534977e-07,0
CONUS_FLP4,log,3.981071705534977e-07,5.011872336272725e-07,0
CONUS_FLP4,log,5.011872336272725e-07,6.309573444801942e-07,922
CONUS_FLP4,log,6.309573444801942e-07,7.943282347242821e-07,0
CONUS_FLP4,log,7.943282347242821e-07,1e-06,0
CONUS_FLP4,log,1e-06,1.2589254117941687e-06,2073
CONUS_FLP4,log,1.2589254117941687e-06,1.584893192461114e-06,9
CONUS_FLP4,log,1.584893192461114e-06,1.995262314968883e-06,2160
CONUS_FLP4,log,1.995262314968883e-06,2.5118864315095823e-06,17473
CONUS_FLP4,log,2.5118864315095823e-06,3.162277660168379e-06,1349
CONUS_FLP4,log,3.162277660168379e-06,3.981071705534978e-06,765
CONUS_FLP4,log,3.981071705534978e-06,5.011872336272725e-06,4167
CONUS_FLP4,log,5.011872336272725e-06,6.309573444801943e-06,4064
CONUS_FLP4,log,6.309573444801943e-06,7.943282347242822e-06,14430
CONUS_FLP4,log,7.943282347242822e-06,9.999999999999999e-06,1070
CONUS_FLP4,log,9.999999999999999e-06,1.2589254117941688e-05,11799
CONUS_FLP4,log,1.2589254117941688e-05,1.584893192461114e-05,3018
CONUS_FLP4,log,1.584893192461114e-05,1.995262314968883e-05,7259
CONUS_FLP4,log,1.995262314968883e-05,2.5118864315095822e-05,13312
CONUS_FLP4,log,2.5118864315095822e-05,3.1622776601683795e-05,160
CONUS_FLP4,log,3.1622776601683795e-05,3.9810717055349776e-05,12621
CONUS_FLP4,log,3.9810717055349776e-05,5.011872336272725e-05,3386
CONUS_FLP4,log,5.011872336272725e-05,6.309573444801943e-05,3077
CONUS_FLP4,log,6.309573444801943e-05,7.943282347242822e-05,43715
CONUS_FLP4,log,7.943282347242822e-05,0.0001,2434
CONUS_FLP4,log,0.0001,0.0001258925411794166,13914
CONUS_FLP4,log,0.0001258925411794166,0.00015848931924611174,5125
CONUS_FLP4,log,0.00015848931924611174,0.00019952623149688828,4210
CONUS_FLP4,log,0.00019952623149688828,0.0002511886431509582,51779
CONUS_FLP4,log,0.0002511886431509582,0.00031622776601683794,2422
CONUS_FLP4,log,0.00031622776601683794,0.0003981071705534969,8629
CONUS_FLP4,log,0.0003981071705534969,0.0005011872336272735,28030
CONUS_FLP4,log,0.0005011872336272735,0.0006309573444801943,10888
CONUS_FLP4,log,0.0006309573444801943,0.0007943282347242822,40247
CONUS_FLP4,log,0.0007943282347242822,0.001,24106
CONUS_FLP4,log,0.001,0.0012589254117941662,60400
CONUS_FLP4,log,0.0012589254117941662,0.0015848931924611173,39143
CONUS_FLP4,log,0.0015848931924611173,0.001995262314968883,86698
CONUS_FLP4,log,0.001995262314968883,0.002511886431509582,104511
CONUS_FLP4,log,0.002511886431509582,0.0031622776601683794,218921
CONUS_FLP4,log,0.0031622776601683794,0.0039810717055349856,115947
CONUS_FLP4,log,0.0039810717055349856,0.005011872336272735,124074
CONUS_FLP4,log,0.005011872336272735,0.006309573444801942,179655
CONUS_FLP4,log,0.006309573444801942,0.00794328234724282,248805
CONUS_FLP4,log,0.00794328234724282,0.01,403704
CONUS_FLP4,log,0.01,0.012589254117941713,424102
CONUS_FLP4,log,0.012589254117941713,0.015848931924611172,578770
CONUS_FLP4,log,0.015848931924611172,0.01995262314968883,736028
CONUS_FLP4,log,0.01995262314968883,0.025118864315095822,994853
CONUS_FLP4,log,0.025118864315095822,0.03162277660168379,1147236
CONUS_FLP4,log,0.03162277660168379,0.03981071705534985,1352773
CONUS_FLP4,log,0.03981071705534985,0.05011872336272735,1783050
CONUS_FLP4,log,0.05011872336272735,0.06309573444801943,2015017
CONUS_FLP4,log,0.06309573444801943,0.07943282347242822,2433596
CONUS_FLP4,log,0.07943282347242822,0.1,2835985
CONUS_FLP4,log,0.1,0.12589254117941714,3719673
CONUS_FLP4,log,0.12589254117941714,0.15848931924611173,3936626
CONUS_FLP4,log,0.15848931924611173,0.19952623149688828,4579102
CONUS_FLP4,log,0.19952623149688828,0.25118864315095824,5754732
CONUS_FLP4,log,0.25118864315095824,0.31622776601683794,4716755
CONUS_FLP4,log,0.31622776601683794,0.39810717055349853,3084529
CONUS_FLP4,log,0.39810717055349853,0.5011872336272735,1129539
CONUS_FLP4,log,0.5011872336272735,0.6309573444801942,141137
CONUS_FLP4,log,0.6309573444801942,0.7943282347242822,61500
CONUS_FLP4,log,0.7943282347242822,1.0,64078
CONUS_FLP5,linear,0.0,0.01,84157141
CONUS_FLP5,linear,0.01,0.02,2973423
CONUS_FLP5,linear,0.02,0.03,2449549
CONUS_FLP5,linear,0.03,0.04,2008043
CONUS_FLP5,linear,0.04,0.05,1565577
CONUS_FLP5,linear,0.05,0.06,1456503
CONUS_FLP5,linear,0.06,0.07,1156332
CONUS_FLP5,linear,0.07,0.08,1040630
CONUS_FLP5,linear,0.08,0.09,838409
CONUS_FLP5,linear,0.09,0.1,756575
CONUS_FLP5,linear,0.1,0.11,701949
CONUS_FLP5,linear,0.11,0.12,643524
CONUS_FLP5,linear,0.12,0.13,555675
CONUS_FLP5,linear,0.13,0.14,456581
CONUS_FLP5,linear,0.14,0.15,495394
CONUS_FLP5,linear,0.15,0.16,423038
CONUS_FLP5,linear,0.16,0.17,439863
CONUS_FLP5,linear,0.17,0.18,341935
CONUS_FLP5,linear,0.18,0.19,359166
CONUS_FLP5,linear,0.19,0.2,307718
CONUS_FLP5,linear,0.2,0.21,421575
CONUS_FLP5,linear,0.21,0.22,325088
CONUS_FLP5,linear,0.22,0.23,331333
CONUS_FLP5,linear,0.23,0.24,325449
CONUS_FLP5,linear,0.24,0.25,265800
CONUS_FLP5,linear,0.25,0.26,426210
CONUS_FLP5,linear,0.26,0.27,303510
CONUS_FLP5,linear,0.27,0.28,303031
CONUS_FLP5,linear,0.28,0.29,322773
CONUS_FLP5,linear,0.29,0.3,279258
CONUS_FLP5,linear,0.3,0.31,306390
CONUS_FLP5,linear,0.31,0.32,279912
CONUS_FLP5,linear,0.32,0.33,258003
CONUS_FLP5,linear,0.33,0.34,352527
CONUS_FLP5,linear,0.34,0.35000000000000003,248290
CONUS_FLP5,linear,0.35000000000000003,0.36,235475
CONUS_FLP5,linear,0.36,0.37,234087
CONUS_FLP5,linear,0.37,0.38,227889
CONUS_FLP5,linear,0.38,0.39,207237
CONUS_FLP5,linear,0.39,0.4,180388
CONUS_FLP5,linear,0.4,0.41000000000000003,217120
CONUS_FLP5,linear,0.41000000000000003,0.42,170622
CONUS_FLP5,linear,0.42,0.43,168686
CONUS_FLP5,linear,0.43,0.44,141758
CONUS_FLP5,linear,0.44,0.45,134320
CONUS_FLP5,linear,0.45,0.46,119447
CONUS_FLP5,linear,0.46,0.47000000000000003,108357
CONUS_FLP5,linear,0.47000000000000003,0.48,96225
CONUS_FLP5,linear,0.48,0.49,79423
CONUS_FLP5,linear,0.49,0.5,53252
CONUS_FLP5,linear,0.5,0.51,151730
CONUS_FLP5,linear,0.51,0.52,51948
CONUS_FLP5,linear,0.52,0.53,46709
CONUS_FLP5,linear,0.53,0.54,40087
CONUS_FLP5,linear,0.54,0.55,34272
CONUS_FLP5,linear,0.55,0.56,31606
CONUS_FLP5,linear,0.56,0.5700000000000001,23592
CONUS_FLP5,linear,0.5700000000000001,0.58,25761
CONUS_FLP5,linear,0.58,0.59,17630
CONUS_FLP5,linear,0.59,0.6,11729
CONUS_FLP5,linear,0.6,0.61,21457
CONUS_FLP5,linear,0.61,0.62,10223
CONUS_FLP5,linear,0.62,0.63,10086
CONUS_FLP5,linear,0.63,0.64,7334
CONUS_FLP5,linear,0.64,0.65,5684
CONUS_FLP5,linear,0.65,0.66,3597
CONUS_FLP5,linear,0.66,0.67,18826
CONUS_FLP5,linear,0.67,0.68,1796
CONUS_FLP5,linear,0.68,0.6900000000000001,2436
CONUS_FLP5,linear,0.6900000000000001,0.7000000000000001,2834
CONUS_FLP5,linear,0.7000000000000001,0.71,1310
CONUS_FLP5,linear,0.71,0.72,2690
CONUS_FLP5,linear,0.72,0.73,1347
CONUS_FLP5,linear,0.73,0.74,740
CONUS_FLP5,linear,0.74,0.75,292
CONUS_FLP5,linear,0.75,0.76,5602
CONUS_FLP5,linear,0.76,0.77,471
CONUS_FLP5,linear,0.77,0.78,674
CONUS_FLP5,linear,0.78,0.79,283
CONUS_FLP5,linear,0.79,0.8,76
CONUS_FLP5,linear,0.8,0.81,2154
CONUS_FLP5,linear,0.81,0.8200000000000001,223
CONUS_FLP5,linear,0.8200000000000001,0.8300000000000001,67
CONUS_FLP5,linear,0.8300000000000001,0.84,936
CONUS_FLP5,linear,0.84,0.85,77
CONUS_FLP5,linear,0.85,0.86,451
CONUS_FLP5,linear,0.86,0.87,33
CONUS_FLP5,linear,0.87,0.88,191
CONUS_FLP5,linear,0.88,0.89,97
CONUS_FLP5,linear,0.89,0.9,52
CONUS_FLP5,linear,0.9,0.91,43
CONUS_FLP5,linear,0.91,0.92,13
CONUS_FLP5,linear,0.92,0.93,12
CONUS_FLP5,linear,0.93,0.9400000000000001,6
CONUS_FLP5,linear,0.9400000000000001,0.9500000000000001,1
CONUS_FLP5,linear,0.9500000000000001,0.96,6
CONUS_FLP5,linear,0.96,0.97,1
CONUS_FLP5,linear,0.97,0.98,0
CONUS_FLP5,linear,0.98,0.99,0
CONUS_FLP5,linear,0.99,1.0,24350
CONUS_FLP5,log,1e-12,1.258925411794166e-12,0
CONUS_FLP5,log,1.258925411794166e-12,1.5848931924611108e-12,0
CONUS_FLP5,log,1.5848931924611108e-12,1.9952623149688827e-12,0
CONUS_FLP5,log,1.9952623149688827e-12,2.5118864315095823e-12,0
CONUS_FLP5,log,2.5118864315095823e-12,3.1622776601683794e-12,0
CONUS_FLP5,log,3.1622776601683794e-12,3.9810717055349695e-12,0
CONUS_FLP5,log,3.9810717055349695e-12,5.011872336272715e-12,0
CONUS_FLP5,log,5.011872336272715e-12,6.309573444801943e-12,0
CONUS_FLP5,log,6.309573444801943e-12,7.943282347242821e-12,0
CONUS_FLP5,log,7.943282347242821e-12,1e-11,0
CONUS_FLP5,log,1e-11,1.2589254117941662e-11,0
CONUS_FLP5,log,1.2589254117941662e-11,1.5848931924611107e-11,0
CONUS_FLP5,log,1.5848931924611107e-11,1.9952623149688828e-11,0
CONUS_FLP5,log,1.9952623149688828e-11,2.5118864315095823e-11,0
CONUS_FLP5,log,2.5118864315095823e-11,3.1622776601683794e-11,0
CONUS_FLP5,log,3.1622776601683794e-11,3.9810717055349695e-11,0
CONUS_FLP5,log,3.9810717055349695e-11,5.011872336272715e-11,0
CONUS_FLP5,log,5.011872336272715e-11,6.309573444801942e-11,0
CONUS_FLP5,log,6.309573444801942e-11,7.943282347242822e-11,0
CONUS_FLP5,log,7.943282347242822e-11,1e-10,0
CONUS_FLP5,log,1e-10,1.2589254117941662e-10,0
CONUS_FLP5,log,1.2589254117941662e-10,1.584893192461111e-10,0
CONUS_FLP5,log,1.584893192461111e-10,1.9952623149688828e-10,0
CONUS_FLP5,log,1.9952623149688828e-10,2.511886431509582e-10,0
CONUS_FLP5,log,2.511886431509582e-10,3.1622776601683795e-10,0
CONUS_FLP5,log,3.1622776601683795e-10,3.9810717055349694e-10,0
CONUS_FLP5,log,3.9810717055349694e-10,5.011872336272714e-10,0
CONUS_FLP5,log,5.011872336272714e-10,6.309573444801942e-10,0
CONUS_FLP5,log,6.309573444801942e-10,7.943282347242822e-10,0
CONUS_FLP5,log,7.943282347242822e-10,1e-09,0
CONUS_FLP5,log,1e-09,1.2589254117941663e-09,0
CONUS_FLP5,log,1.2589254117941663e-09,1.584893192461111e-09,0
CONUS_FLP5,log,1.584893192461111e-09,1.9952623149688828e-09,0
CONUS_FLP5,log,1.9952623149688828e-09,2.511886431509582e-09,0
CONUS_FLP5,log,2.511886431509582e-09,3.1622776601683795e-09,0
CONUS_FLP5,log,3.1622776601683795e-09,3.981071705534969e-09,0
CONUS_FLP5,log,3.981071705534969e-09,5.011872336272715e-09,0
CONUS_FLP5,log,5.011872336272715e-09,6.309573444801943e-09,0
CONUS_FLP5,log,6.309573444801943e-09,7.943282347242822e-09,0
CONUS_FLP5,log,7.943282347242822e-09,1e-08,0
CONUS_FLP5,log,1e-08,1.2589254117941687e-08,0
CONUS_FLP5,log,1.2589254117941687e-08,1.584893192461114e-08,0
CONUS_FLP5,log,1.584893192461114e-08,1.9952623149688786e-08,0
CONUS_FLP5,log,1.9952623149688786e-08,2.511886431509582e-08,0
CONUS_FLP5,log,2.511886431509582e-08,3.162277660168379e-08,0
CONUS_FLP5,log,3.162277660168379e-08,3.9810717055349776e-08,0
CONUS_FLP5,log,3.9810717055349776e-08,5.011872336272725e-08,3619
CONUS_FLP5,log,5.011872336272725e-08,6.309573444801943e-08,0
CONUS_FLP5,log,6.309573444801943e-08,7.943282347242822e-08,4718
CONUS_FLP5,log,7.943282347242822e-08,1e-07,0
CONUS_FLP5,log,1e-07,1.2589254117941688e-07,0
CONUS_FLP5,log,1.2589254117941688e-07,1.584893192461114e-07,5
CONUS_FLP5,log,1.584893192461114e-07,1.995262314968883e-07,369
CONUS_FLP5,log,1.995262314968883e-07,2.5118864315095823e-07,0
CONUS_FLP5,log,2.5118864315095823e-07,3.162277660168379e-07,32
CONUS_FLP5,log,3.162277660168379e-07,3.981071705534977e-07,4
CONUS_FLP5,log,3.981071705534977e-07,5.011872336272725e-07,487
CONUS_FLP5,log,5.011872336272725e-07,6.309573444801942e-07,1136
CONUS_FLP5,log,6.309573444801942e-07,7.943282347242821e-07,0
CONUS_FLP5,log,7.943282347242821e-07,1e-06,2872
CONUS_FLP5,log,1e-06,1.2589254117941687e-06,39
CONUS_FLP5,log,1.2589254117941687e-06,1.584893192461114e-06,5702
CONUS_FLP5,log,1.584893192461114e-06,1.995262314968883e-06,1165
CONUS_FLP5,log,1.995262314968883e-06,2.5118864315095823e-06,37496
CONUS_FLP5,log,2.5118864315095823e-06,3.162277660168379e-06,13
CONUS_FLP5,log,3.162277660168379e-06,3.981071705534978e-06,13018
CONUS_FLP5,log,3.981071705534978e-06,5.011872336272725e-06,2992
CONUS_FLP5,log,5.011872336272725e-06,6.309573444801943e-06,624
CONUS_FLP5,log,6.309573444801943e-06,7.943282347242822e-06,3417
CONUS_FLP5,log,7.943282347242822e-06,9.999999999999999e-06,24544
CONUS_FLP5,log,9.999999999999999e-06,1.2589254117941688e-05,3749
CONUS_FLP5,log,1.2589254117941688e-05,1.584893192461114e-05,27127
CONUS_FLP5,log,1.584893192461114e-05,1.995262314968883e-05,23454
CONUS_FLP5,log,1.995262314968883e-05,2.5118864315095822e-05,8336
CONUS_FLP5,log,2.5118864315095822e-05,3.1622776601683795e-05,10259
CONUS_FLP5,log,3.1622776601683795e-05,3.9810717055349776e-05,4000
CONUS_FLP5,log,3.9810717055349776e-05,5.011872336272725e-05,10706
CONUS_FLP5,log,5.011872336272725e-05,6.309573444801943e-05,18859
CONUS_FLP5,log,6.309573444801943e-05,7.943282347242822e-05,4942
CONUS_FLP5,log,7.943282347242822e-05,0.0001,78212
CONUS_FLP5,log,0.0001,0.0001258925411794166,30631
CONUS_FLP5,log,0.0001258925411794166,0.00015848931924611174,2892
CONUS_FLP5,log,0.00015848931924611174,0.00019952623149688828,96099
CONUS_FLP5,log,0.00019952623149688828,0.0002511886431509582,57227
CONUS_FLP5,log,0.0002511886431509582,0.00031622776601683794,6946
CONUS_FLP5,log,0.00031622776601683794,0.0003981071705534969,7155
CONUS_FLP5,log,0.0003981071705534969,0.0005011872336272735,56308
CONUS_FLP5,log,0.0005011872336272735,0.0006309573444801943,91782
CONUS_FLP5,log,0.0006309573444801943,0.0007943282347242822,51153
CONUS_FLP5,log,0.0007943282347242822,0.001,53310
CONUS_FLP5,log,0.001,0.0012589254117941662,35881
CONUS_FLP5,log,0.0012589254117941662,0.0015848931924611173,68328
CONUS_FLP5,log,0.0015848931924611173,0.001995262314968883,73335
CONUS_FLP5,log,0.001995262314968883,0.002511886431509582,96138
CONUS_FLP5,log,0.002511886431509582,0.0031622776601683794,141476
CONUS_FLP5,log,0.0031622776601683794,0.0039810717055349856,207490
CONUS_FLP5,log,0.0039810717055349856,0.005011872336272735,281786
CONUS_FLP5,log,0.005011872336272735,0.006309573444801942,368701
CONUS_FLP5,log,0.006309573444801942,0.00794328234724282,500308
CONUS_FLP5,log,0.00794328234724282,0.01,641143
CONUS_FLP5,log,0.01,0.012589254117941713,837485
CONUS_FLP5,log,0.012589254117941713,0.015848931924611172,948679
CONUS_FLP5,log,0.015848931924611172,0.01995262314968883,1149147
CONUS_FLP5,log,0.01995262314968883,0.025118864315095822,1343691
CONUS_FLP5,log,0.025118864315095822,0.03162277660168379,1505042
CONUS_FLP5,log,0.03162277660168379,0.03981071705534985,1556347
CONUS_FLP5,log,0.03981071705534985,0.05011872336272735,1772235
CONUS_FLP5,log,0.05011872336272735,0.06309573444801943,1742324
CONUS_FLP5,log,0.06309573444801943,0.07943282347242822,1734532
CONUS_FLP5,log,0.07943282347242822,0.1,1655559
CONUS_FLP5,log,0.1,0.12589254117941714,1728060
CONUS_FLP5,log,0.12589254117941714,0.15848931924611173,1490396
CONUS_FLP5,log,0.15848931924611173,0.19952623149688828,1479981
CONUS_FLP5,log,0.19952623149688828,0.25118864315095824,1876452
CONUS_FLP5,log,0.25118864315095824,0.31622776601683794,1936918
CONUS_FLP5,log,0.31622776601683794,0.39810717055349853,2018443
CONUS_FLP5,log,0.39810717055349853,0.5011872336272735,1428669
CONUS_FLP5,log,0.5011872336272735,0.6309573444801942,366638
CONUS_FLP5,log,0.6309573444801942,0.7943282347242822,55524
CONUS_FLP5,log,0.7943282347242822,1.0,28732
CONUS_FLP6,linear,0.0,0.01,101025689
CONUS_FLP6,linear,0.01,0.02,1199011
CONUS_FLP6,linear,0.02,0.03,784003
CONUS_FLP6,linear,0.03,0.04,630763
CONUS_FLP6,linear,0.04,0.05,479704
CONUS_FLP6,linear,0.05,0.06,403606
CONUS_FLP6,linear,0.06,0.07,324314
CONUS_FLP6,linear,0.07,0.08,289764
CONUS_FLP6,linear,0.08,0.09,237463
CONUS_FLP6,linear,0.09,0.1,218387
CONUS_FLP6,linear,0.1,0.11,205151
CONUS_FLP6,linear,0.11,0.12,193039
CONUS_FLP6,linear,0.12,0.13,177215
CONUS_FLP6,linear,0.13,0.14,150294
CONUS_FLP6,linear,0.14,0.15,155227
CONUS_FLP6,linear,0.15,0.16,141008
CONUS_FLP6,linear,0.16,0.17,142669
CONUS_FLP6,linear,0.17,0.18,119949
CONUS_FLP6,linear,0.18,0.19,121126
CONUS_FLP6,linear,0.19,0.2,108594
CONUS_FLP6,linear,0.2,0.21,127023
CONUS_FLP6,linear,0.21,0.22,103537
CONUS_FLP6,linear,0.22,0.23,100478
CONUS_FLP6,linear,0.23,0.24,96727
CONUS_FLP6,linear,0.24,0.25,76290
CONUS_FLP6,linear,0.25,0.26,116502
CONUS_FLP6,linear,0.26,0.27,81588
CONUS_FLP6,linear,0.27,0.28,78679
CONUS_FLP6,linear,0.28,0.29,81414
CONUS_FLP6,linear,0.29,0.3,69710
CONUS_FLP6,linear,0.3,0.31,75914
CONUS_FLP6,linear,0.31,0.32,69170
CONUS_FLP6,linear,0.32,0.33,61449
CONUS_FLP6,linear,0.33,0.34,91306
CONUS_FLP6,linear,0.34,0.35000000000000003,63249
CONUS_FLP6,linear,0.35000000000000003,0.36,61773
CONUS_FLP6,linear,0.36,0.37,62697
CONUS_FLP6,linear,0.37,0.38,63605
CONUS_FLP6,linear,0.38,0.39,61142
CONUS_FLP6,linear,0.39,0.4,54334
CONUS_FLP6,linear,0.4,0.41000000000000003,71022
CONUS_FLP6,linear,0.41000000000000003,0.42,59249
CONUS_FLP6,linear,0.42,0.43,62166
CONUS_FLP6,linear,0.43,0.44,57479
CONUS_FLP6,linear,0.44,0.45,58439
CONUS_FLP6,linear,0.45,0.46,57196
CONUS_FLP6,linear,0.46,0.47000000000000003,56901
CONUS_FLP6,linear,0.47000000000000003,0.48,56412
CONUS_FLP6,linear,0.48,0.49,52576
CONUS_FLP6,linear,0.49,0.5,42851
CONUS_FLP6,linear,0.5,0.51,90092
CONUS_FLP6,linear,0.51,0.52,50700
CONUS_FLP6,linear,0.52,0.53,52980
CONUS_FLP6,linear,0.53,0.54,49439
CONUS_FLP6,linear,0.54,0.55,47766
CONUS_FLP6,linear,0.55,0.56,49100
CONUS_FLP6,linear,0.56,0.5700000000000001,46646
CONUS_FLP6,linear,0.5700000000000001,0.58,48659
CONUS_FLP6,linear,0.58,0.59,45688
CONUS_FLP6,linear,0.59,0.6,41230
CONUS_FLP6,linear,0.6,0.61,51086
CONUS_FLP6,linear,0.61,0.62,43165
CONUS_FLP6,linear,0.62,0.63,44227
CONUS_FLP6,linear,0.63,0.64,42168
CONUS_FLP6,linear,0.64,0.65,40269
CONUS_FLP6,linear,0.65,0.66,37616
CONUS_FLP6,linear,0.66,0.67,48784
CONUS_FLP6,linear,0.67,0.68,34298
CONUS_FLP6,linear,0.68,0.6900000000000001,35845
CONUS_FLP6,linear,0.6900000000000001,0.7000000000000001,35983
CONUS_FLP6,linear,0.7000000000000001,0.71,31878
CONUS_FLP6,linear,0.71,0.72,32881
CONUS_FLP6,linear,0.72,0.73,30518
CONUS_FLP6,linear,0.73,0.74,27577
CONUS_FLP6,linear,0.74,0.75,22926
CONUS_FLP6,linear,0.75,0.76,32325
CONUS_FLP6,linear,0.76,0.77,21754
CONUS_FLP6,linear,0.77,0.78,20313
CONUS_FLP6,linear,0.78,0.79,17682
CONUS_FLP6,linear,0.79,0.8,13339
CONUS_FLP6,linear,0.8,0.81,20687
CONUS_FLP6,linear,0.81,0.8200000000000001,16485
CONUS_FLP6,linear,0.8200000000000001,0.8300000000000001,13893
CONUS_FLP6,linear,0.8300000000000001,0.84,17476
CONUS_FLP6,linear,0.84,0.85,14959
CONUS_FLP6,linear,0.85,0.86,17843
CONUS_FLP6,linear,0.86,0.87,17043
CONUS_FLP6,linear,0.87,0.88,20089
CONUS_FLP6,linear,0.88,0.89,22417
CONUS_FLP6,linear,0.89,0.9,25999
CONUS_FLP6,linear,0.9,0.91,29542
CONUS_FLP6,linear,0.91,0.92,30300
CONUS_FLP6,linear,0.92,0.93,24113
CONUS_FLP6,linear,0.93,0.9400000000000001,16190
CONUS_FLP6,linear,0.9400000000000001,0.9500000000000001,13079
CONUS_FLP6,linear,0.9500000000000001,0.96,9330
CONUS_FLP6,linear,0.96,0.97,5132
CONUS_FLP6,linear,0.97,0.98,2095
CONUS_FLP6,linear,0.98,0.99,684
CONUS_FLP6,linear,0.99,1.0,29851
CONUS_FLP6,log,1e-12,1.258925411794166e-12,0
CONUS_FLP6,log,1.258925411794166e-12,1.5848931924611108e-12,0
CONUS_FLP6,log,1.5848931924611108e-12,1.9952623149688827e-12,0
CONUS_FLP6,log,1.9952623149688827e-12,2.5118864315095823e-12,0
CONUS_FLP6,log,2.5118864315095823e-12,3.1622776601683794e-12,0
CONUS_FLP6,log,3.1622776601683794e-12,3.9810717055349695e-12,0
CONUS_FLP6,log,3.9810717055349695e-12,5.011872336272715e-12,0
CONUS_FLP6,log,5.011872336272715e-12,6.309573444801943e-12,0
CONUS_FLP6,log,6.309573444801943e-12,7.943282347242821e-12,0
CONUS_FLP6,log,7.943282347242821e-12,1e-11,0
CONUS_FLP6,log,1e-11,1.2589254117941662e-11,0
CONUS_FLP6,log,1.2589254117941662e-11,1.5848931924611107e-11,0
CONUS_FLP6,log,1.5848931924611107e-11,1.9952623149688828e-11,0
CONUS_FLP6,log,1.9952623149688828e-11,2.5118864315095823e-11,0
CONUS_FLP6,log,2.5118864315095823e-11,3.1622776601683794e-11,0
CONUS_FLP6,log,3.1622776601683794e-11,3.9810717055349695e-11,0
CONUS_FLP6,log,3.9810717055349695e-11,5.011872336272715e-11,0
CONUS_FLP6,log,5.011872336272715e-11,6.309573444801942e-11,0
CONUS_FLP6,log,6.309573444801942e-11,7.943282347242822e-11,0
CONUS_FLP6,log,7.943282347242822e-11,1e-10,0
CONUS_FLP6,log,1e-10,1.2589254117941662e-10,0
CONUS_FLP6,log,1.2589254117941662e-10,1.584893192461111e-10,0
CONUS_FLP6,log,1.584893192461111e-10,1.9952623149688828e-10,0
CONUS_FLP6,log,1.9952623149688828e-10,2.511886431509582e-10,0
CONUS_FLP6,log,2.511886431509582e-10,3.1622776601683795e-10,0
CONUS_FLP6,log,3.1622776601683795e-10,3.9810717055349694e-10,0
CONUS_FLP6,log,3.9810717055349694e-10,5.011872336272714e-10,0
CONUS_FLP6,log,5.011872336272714e-10,6.309573444801942e-10,0
CONUS_FLP6,log,6.309573444801942e-10,7.943282347242822e-10,0
CONUS_FLP6,log,7.943282347242822e-10,1e-09,0
CONUS_FLP6,log,1e-09,1.2589254117941663e-09,0
CONUS_FLP6,log,1.2589254117941663e-09,1.584893192461111e-09,0
CONUS_FLP6,log,1.584893192461111e-09,1.9952623149688828e-09,0
CONUS_FLP6,log,1.9952623149688828e-09,2.511886431509582e-09,0
CONUS_FLP6,log,2.511886431509582e-09,3.1622776601683795e-09,0
CONUS_FLP6,log,3.1622776601683795e-09,3.981071705534969e-09,0
CONUS_FLP6,log,3.981071705534969e-09,5.011872336272715e-09,0
CONUS_FLP6,log,5.011872336272715e-09,6.309573444801943e-09,0
CONUS_FLP6,log,6.309573444801943e-09,7.943282347242822e-09,0
CONUS_FLP6,log,7.943282347242822e-09,1e-08,0
CONUS_FLP6,log,1e-08,1.2589254117941687e-08,0
CONUS_FLP6,log,1.2589254117941687e-08,1.584893192461114e-08,0
CONUS_FLP6,log,1.584893192461114e-08,1.9952623149688786e-08,0
CONUS_FLP6,log,1.9952623149688786e-08,2.511886431509582e-08,1
CONUS_FLP6,log,2.511886431509582e-08,3.162277660168379e-08,376
CONUS_FLP6,log,3.162277660168379e-08,3.9810717055349776e-08,43
CONUS_FLP6,log,3.9810717055349776e-08,5.011872336272725e-08,20273
CONUS_FLP6,log,5.011872336272725e-08,6.309573444801943e-08,8636
CONUS_FLP6,log,6.309573444801943e-08,7.943282347242822e-08,0
CONUS_FLP6,log,7.943282347242822e-08,1e-07,0
CONUS_FLP6,log,1e-07,1.2589254117941688e-07,19
CONUS_FLP6,log,1.2589254117941688e-07,1.584893192461114e-07,8784
CONUS_FLP6,log,1.584893192461114e-07,1.995262314968883e-07,2290
CONUS_FLP6,log,1.995262314968883e-07,2.5118864315095823e-07,28573
CONUS_FLP6,log,2.5118864315095823e-07,3.162277660168379e-07,3
CONUS_FLP6,log,3.162277660168379e-07,3.981071705534977e-07,43817
CONUS_FLP6,log,3.981071705534977e-07,5.011872336272725e-07,743
CONUS_FLP6,log,5.011872336272725e-07,6.309573444801942e-07,10356
CONUS_FLP6,log,6.309573444801942e-07,7.943282347242821e-07,107
CONUS_FLP6,log,7.943282347242821e-07,1e-06,104
CONUS_FLP6,log,1e-06,1.2589254117941687e-06,21488
CONUS_FLP6,log,1.2589254117941687e-06,1.584893192461114e-06,121
CONUS_FLP6,log,1.584893192461114e-06,1.995262314968883e-06,428
CONUS_FLP6,log,1.995262314968883e-06,2.5118864315095823e-06,814
CONUS_FLP6,log,2.5118864315095823e-06,3.162277660168379e-06,5874
CONUS_FLP6,log,3.162277660168379e-06,3.981071705534978e-06,5679
CONUS_FLP6,log,3.981071705534978e-06,5.011872336272725e-06,86545
CONUS_FLP6,log,5.011872336272725e-06,6.309573444801943e-06,36099
CONUS_FLP6,log,6.309573444801943e-06,7.943282347242822e-06,11012
CONUS_FLP6,log,7.943282347242822e-06,9.999999999999999e-06,13782
CONUS_FLP6,log,9.999999999999999e-06,1.2589254117941688e-05,13038
CONUS_FLP6,log,1.2589254117941688e-05,1.584893192461114e-05,6657
CONUS_FLP6,log,1.584893192461114e-05,1.995262314968883e-05,11556
CONUS_FLP6,log,1.995262314968883e-05,2.5118864315095822e-05,5595
CONUS_FLP6,log,2.5118864315095822e-05,3.1622776601683795e-05,3589
CONUS_FLP6,log,3.1622776601683795e-05,3.9810717055349776e-05,24237
CONUS_FLP6,log,3.9810717055349776e-05,5.011872336272725e-05,3750
CONUS_FLP6,log,5.011872336272725e-05,6.309573444801943e-05,3621
CONUS_FLP6,log,6.309573444801943e-05,7.943282347242822e-05,12802
CONUS_FLP6,log,7.943282347242822e-05,0.0001,11206
CONUS_FLP6,log,0.0001,0.0001258925411794166,39437
CONUS_FLP6,log,0.0001258925411794166,0.00015848931924611174,31781
CONUS_FLP6,log,0.00015848931924611174,0.00019952623149688828,30050
CONUS_FLP6,log,0.00019952623149688828,0.0002511886431509582,29973
CONUS_FLP6,log,0.0002511886431509582,0.00031622776601683794,10218
CONUS_FLP6,log,0.00031622776601683794,0.0003981071705534969,22856
CONUS_FLP6,log,0.0003981071705534969,0.0005011872336272735,18793
CONUS_FLP6,log,0.0005011872336272735,0.0006309573444801943,15521
CONUS_FLP6,log,0.0006309573444801943,0.0007943282347242822,19651
CONUS_FLP6,log,0.0007943282347242822,0.001,74336
CONUS_FLP6,log,0.001,0.0012589254117941662,90590
CONUS_FLP6,log,0.0012589254117941662,0.0015848931924611173,95482
CONUS_FLP6,log,0.0015848931924611173,0.001995262314968883,92288
CONUS_FLP6,log,0.001995262314968883,0.002511886431509582,111230
CONUS_FLP6,log,0.002511886431509582,0.0031622776601683794,146958
CONUS_FLP6,log,0.0031622776601683794,0.0039810717055349856,171037
CONUS_FLP6,log,0.0039810717055349856,0.005011872336272735,210842
CONUS_FLP6,log,0.005011872336272735,0.006309573444801942,231494
CONUS_FLP6,log,0.006309573444801942,0.00794328234724282,274891
CONUS_FLP6,log,0.00794328234724282,0.01,309141
CONUS_FLP6,log,0.01,0.012589254117941713,338611
CONUS_FLP6,log,0.012589254117941713,0.015848931924611172,432211
CONUS_FLP6,log,0.015848931924611172,0.01995262314968883,415643
CONUS_FLP6,log,0.01995262314968883,0.025118864315095822,446330
CONUS_FLP6,log,0.025118864315095822,0.03162277660168379,458171
CONUS_FLP6,log,0.03162277660168379,0.03981071705534985,499671
CONUS_FLP6,log,0.03981071705534985,0.05011872336272735,529970
CONUS_FLP6,log,0.05011872336272735,0.06309573444801943,487952
CONUS_FLP6,log,0.06309573444801943,0.07943282347242822,485483
CONUS_FLP6,log,0.07943282347242822,0.1,472973
CONUS_FLP6,log,0.1,0.12589254117941714,516524
CONUS_FLP6,log,0.12589254117941714,0.15848931924611173,484898
CONUS_FLP6,log,0.15848931924611173,0.19952623149688828,502307
CONUS_FLP6,log,0.19952623149688828,0.25118864315095824,562185
CONUS_FLP6,log,0.25118864315095824,0.31622776601683794,499964
CONUS_FLP6,log,0.31622776601683794,0.39810717055349853,537007
CONUS_FLP6,log,0.39810717055349853,0.5011872336272735,632324
CONUS_FLP6,log,0.5011872336272735,0.6309573444801942,614572
CONUS_FLP6,log,0.6309573444801942,0.7943282347242822,515603
CONUS_FLP6,log,0.7943282347242822,1.0,353907
